workload,run,real_sec,user_sec,sys_sec
sequential,1,1.9920,0.0070,0.0140
sequential,2,1.8300,0.0190,0.0030
sequential,3,1.8270,0.0090,0.0130
sequential,4,1.8730,0.0020,0.0210
sequential,5,1.8860,0.0040,0.0180
sequential,6,1.9160,0.0040,0.0180
sequential,7,1.9350,0.0010,0.0200
sequential,8,1.8610,0.0140,0.0070
sequential,9,1.5970,0.0080,0.0110
sequential,10,1.8870,0.0050,0.0180
sequential,11,1.4920,0.0040,0.0140
sequential,12,1.8910,0.0050,0.0180
sequential,13,1.9160,0.0020,0.0210
sequential,14,1.8810,0.0020,0.0210
sequential,15,1.9260,0.0030,0.0180
sequential,16,1.8180,0.0010,0.0190
sequential,17,1.9020,0.0030,0.0190
sequential,18,1.8890,0.0030,0.0190
sequential,19,1.9050,0.0070,0.0160
sequential,20,1.9110,0.0100,0.0120
random,1,0.0780,0.0220,0.0090
random,2,0.0810,0.0210,0.0100
random,3,0.0820,0.0190,0.0130
random,4,0.0820,0.0190,0.0140
random,5,0.0570,0.0170,0.0040
random,6,0.0800,0.0170,0.0140
random,7,0.0840,0.0260,0.0080
random,8,0.0820,0.0230,0.0100
random,9,0.0850,0.0220,0.0120
random,10,0.0840,0.0280,0.0050
random,11,0.0850,0.0230,0.0090
random,12,0.0860,0.0150,0.0170
random,13,0.0820,0.0200,0.0130
random,14,0.0790,0.0190,0.0130
random,15,0.0770,0.0150,0.0140
random,16,0.0840,0.0230,0.0100
random,17,0.0820,0.0150,0.0170
random,18,0.0790,0.0230,0.0080
random,19,0.0840,0.0210,0.0130
random,20,0.0810,0.0230,0.0080
phase_change,1,3.6980,0.0310,0.0370
phase_change,2,3.6310,0.0230,0.0430
phase_change,3,3.6050,0.0330,0.0350
phase_change,4,3.5630,0.0310,0.0360
phase_change,5,3.4960,0.0280,0.0390
phase_change,6,3.4790,0.0270,0.0380
phase_change,7,3.5500,0.0280,0.0380
phase_change,8,3.2120,0.0420,0.0220
phase_change,9,3.5810,0.0290,0.0380
phase_change,10,3.2360,0.0240,0.0360
phase_change,11,3.6530,0.0330,0.0350
phase_change,12,3.1650,0.0320,0.0310
phase_change,13,3.5770,0.0330,0.0330
phase_change,14,3.5160,0.0330,0.0340
phase_change,15,3.6500,0.0360,0.0310
phase_change,16,3.5830,0.0300,0.0360
phase_change,17,3.4820,0.0280,0.0370
phase_change,18,3.4990,0.0250,0.0380
phase_change,19,3.5590,0.0370,0.0300
phase_change,20,3.5800,0.0290,0.0400
gradual_drift,1,0.3160,0.0240,0.0010
gradual_drift,2,0.2210,0.0110,0.0120
gradual_drift,3,0.2610,0.0180,0.0070
gradual_drift,4,0.2210,0.0220,0.0030
gradual_drift,5,0.2130,0.0220,0.0030
gradual_drift,6,0.2210,0.0130,0.0050
gradual_drift,7,0.2900,0.0230,0.0030
gradual_drift,8,0.3260,0.0180,0.0090
gradual_drift,9,0.2850,0.0200,0.0060
gradual_drift,10,0.2890,0.0150,0.0120
gradual_drift,11,0.2330,0.0210,0.0040
gradual_drift,12,0.2250,0.0160,0.0080
gradual_drift,13,0.2680,0.0200,0.0040
gradual_drift,14,0.3080,0.0200,0.0070
gradual_drift,15,0.3430,0.0180,0.0090
gradual_drift,16,0.2910,0.0210,0.0040
gradual_drift,17,0.2880,0.0230,0.0000
gradual_drift,18,0.3220,0.0250,0.0010
gradual_drift,19,0.3110,0.0150,0.0110
gradual_drift,20,0.3070,0.0210,0.0050
seek_suppression,1,0.1270,0.0200,0.0040
seek_suppression,2,0.1390,0.0160,0.0080
seek_suppression,3,0.1460,0.0170,0.0040
seek_suppression,4,0.1410,0.0160,0.0080
seek_suppression,5,0.1190,0.0160,0.0070
seek_suppression,6,0.1090,0.0170,0.0070
seek_suppression,7,0.1430,0.0100,0.0140
seek_suppression,8,0.1090,0.0080,0.0160
seek_suppression,9,0.1270,0.0170,0.0070
seek_suppression,10,0.1270,0.0230,0.0010
seek_suppression,11,0.1250,0.0210,0.0030
seek_suppression,12,0.1070,0.0190,0.0040
seek_suppression,13,0.1080,0.0190,0.0050
seek_suppression,14,0.1450,0.0230,0.0000
seek_suppression,15,0.1580,0.0210,0.0000
seek_suppression,16,0.1480,0.0150,0.0070
seek_suppression,17,0.1540,0.0200,0.0050
seek_suppression,18,0.1310,0.0220,0.0010
seek_suppression,19,0.1270,0.0130,0.0110
seek_suppression,20,0.1530,0.0140,0.0090
tar_workload,1,0.5150,0.0150,0.0120
tar_workload,2,0.4690,0.0020,0.0240
tar_workload,3,0.4870,0.0020,0.0250
tar_workload,4,0.4640,0.0130,0.0130
tar_workload,5,0.4340,0.0070,0.0180
tar_workload,6,0.4890,0.0060,0.0220
tar_workload,7,0.3910,0.0140,0.0110
tar_workload,8,0.4940,0.0040,0.0230
tar_workload,9,0.4960,0.0090,0.0190
tar_workload,10,0.4770,0.0060,0.0200
tar_workload,11,0.4960,0.0090,0.0200
tar_workload,12,0.3770,0.0100,0.0130
tar_workload,13,0.5050,0.0060,0.0230
tar_workload,14,0.3970,0.0030,0.0210
tar_workload,15,0.4870,0.0060,0.0220
tar_workload,16,0.4320,0.0060,0.0190
tar_workload,17,0.3390,0.0060,0.0140
tar_workload,18,0.4630,0.0190,0.0070
tar_workload,19,0.4970,0.0090,0.0200
tar_workload,20,0.4660,0.0140,0.0140
python_import,1,1.0660,0.0050,0.0280
python_import,2,0.5460,0.0200,0.0000
python_import,3,0.5290,0.0080,0.0150
python_import,4,0.5350,0.0120,0.0100
python_import,5,0.5340,0.0100,0.0130
python_import,6,0.5500,0.0070,0.0160
python_import,7,0.5500,0.0140,0.0090
python_import,8,0.5540,0.0120,0.0100
python_import,9,0.5490,0.0150,0.0080
python_import,10,0.5180,0.0070,0.0150
python_import,11,0.5560,0.0050,0.0160
python_import,12,0.5290,0.0090,0.0120
python_import,13,0.5410,0.0100,0.0130
python_import,14,0.5180,0.0050,0.0170
python_import,15,0.5350,0.0060,0.0160
python_import,16,0.5650,0.0210,0.0020
python_import,17,0.5360,0.0090,0.0120
python_import,18,0.5360,0.0160,0.0050
python_import,19,0.5660,0.0100,0.0140
python_import,20,0.5340,0.0110,0.0120
cache_lookup_workload,1,2.7500,0.0320,0.0120
cache_lookup_workload,2,2.7580,0.0370,0.0080
cache_lookup_workload,3,2.7560,0.0230,0.0210
cache_lookup_workload,4,2.7590,0.0340,0.0100
cache_lookup_workload,5,2.7440,0.0290,0.0160
cache_lookup_workload,6,2.7510,0.0330,0.0120
cache_lookup_workload,7,2.7570,0.0290,0.0160
cache_lookup_workload,8,2.7570,0.0290,0.0170
cache_lookup_workload,9,2.7520,0.0310,0.0130
cache_lookup_workload,10,2.7530,0.0370,0.0070
cache_lookup_workload,11,2.7650,0.0230,0.0160
cache_lookup_workload,12,2.7570,0.0170,0.0280
cache_lookup_workload,13,2.7590,0.0240,0.0210
cache_lookup_workload,14,2.7500,0.0360,0.0080
cache_lookup_workload,15,2.7480,0.0320,0.0120
cache_lookup_workload,16,2.7570,0.0360,0.0090
cache_lookup_workload,17,2.7540,0.0290,0.0160
cache_lookup_workload,18,2.7550,0.0310,0.0140
cache_lookup_workload,19,2.7420,0.0260,0.0180
cache_lookup_workload,20,2.7520,0.0320,0.0120
