workload,run,mode,real_sec,hits,misses,dirties,hit_ratio
sequential,1,native,0.2150,786,25727,0,2.96
sequential,2,native,0.2160,711,25696,0,2.69
sequential,3,native,0.2160,4550,25952,25,14.92
sequential,4,native,0.2120,4588,26019,31,14.99
sequential,5,native,0.2170,820,25725,0,3.09
sequential,6,native,0.2160,798,25662,0,3.02
sequential,7,native,0.2170,745,25723,0,2.81
sequential,8,native,0.2130,879,25656,0,3.31
sequential,9,native,0.2150,846,25658,0,3.19
sequential,10,native,0.2190,726,25693,0,2.75
sequential,11,native,0.2180,840,25715,0,3.16
sequential,12,native,0.2170,822,25662,0,3.10
sequential,13,native,0.2160,908,25724,0,3.41
sequential,14,native,0.2100,4740,25928,27,15.46
sequential,15,native,0.2210,814,25725,0,3.07
sequential,16,native,0.2140,4232,25677,27,14.15
sequential,17,native,0.2180,1231,25923,0,4.53
sequential,18,native,0.2160,866,25651,0,3.27
sequential,19,native,0.2170,872,25709,0,3.28
sequential,20,native,0.2180,903,25647,0,3.40
random,1,native,0.0190,12379,149,0,98.81
random,2,native,0.0180,12250,53,0,99.57
random,3,native,0.0200,12390,152,24,98.79
random,4,native,0.0190,12423,61,0,99.51
random,5,native,0.0200,16470,361,23,97.86
random,6,native,0.0190,12114,51,0,99.58
random,7,native,0.0180,12478,149,0,98.82
random,8,native,0.0180,12301,53,0,99.57
random,9,native,0.0200,12171,193,0,98.44
random,10,native,0.0200,12096,51,0,99.58
random,11,native,0.0200,12154,135,0,98.90
random,12,native,0.0190,12350,51,0,99.59
random,13,native,0.0190,12194,146,0,98.82
random,14,native,0.0180,12301,53,0,99.57
random,15,native,0.0200,12377,138,0,98.90
random,16,native,0.0190,12552,283,0,97.80
random,17,native,0.0180,11967,174,0,98.57
random,18,native,0.0170,12104,53,0,99.56
random,19,native,0.0190,12360,146,20,98.83
random,20,native,0.0170,14821,53,0,99.64
phase_change,1,native,0.2320,40853,25744,0,61.34
phase_change,2,native,0.2560,41102,25648,0,61.58
phase_change,3,native,0.2600,40997,25710,0,61.46
phase_change,4,native,0.2580,41355,25647,0,61.72
phase_change,5,native,0.2320,40858,25741,0,61.35
phase_change,6,native,0.2600,40905,25645,0,61.47
phase_change,7,native,0.2360,41426,25741,0,61.68
phase_change,8,native,0.2520,44652,25948,26,63.25
phase_change,9,native,0.2350,41174,25741,0,61.53
phase_change,10,native,0.2520,40743,25648,0,61.37
phase_change,11,native,0.2400,42172,25775,0,62.07
phase_change,12,native,0.2510,41759,25648,0,61.95
phase_change,13,native,0.2320,45087,26007,22,63.42
phase_change,14,native,0.2560,41257,25647,0,61.67
phase_change,15,native,0.2350,41736,25742,0,61.85
phase_change,16,native,0.2520,40830,25646,0,61.42
phase_change,17,native,0.2330,41283,25741,0,61.59
phase_change,18,native,0.2550,41236,25645,0,61.66
phase_change,19,native,0.2590,45062,25835,28,63.56
phase_change,20,native,0.2570,44096,25703,22,63.18
gradual_drift,1,native,0.0260,8027,585,32,93.21
gradual_drift,2,native,0.0250,4155,241,0,94.52
gradual_drift,3,native,0.0240,7617,309,26,96.10
gradual_drift,4,native,0.0240,4117,243,0,94.43
gradual_drift,5,native,0.0250,4170,336,0,92.54
gradual_drift,6,native,0.0240,4121,243,0,94.43
gradual_drift,7,native,0.0240,4152,338,0,92.47
gradual_drift,8,native,0.0240,4188,241,0,94.56
gradual_drift,9,native,0.0250,4669,557,0,89.34
gradual_drift,10,native,0.0210,7467,230,26,97.01
gradual_drift,11,native,0.0220,4250,372,0,91.95
gradual_drift,12,native,0.0250,4180,241,0,94.55
gradual_drift,13,native,0.0220,6566,549,26,92.28
gradual_drift,14,native,0.0230,4175,243,0,94.50
gradual_drift,15,native,0.0250,4187,241,0,94.56
gradual_drift,16,native,0.0240,4203,241,0,94.58
gradual_drift,17,native,0.0260,4229,336,0,92.64
gradual_drift,18,native,0.0240,4216,242,0,94.57
gradual_drift,19,native,0.0220,4228,338,0,92.60
gradual_drift,20,native,0.0240,4615,496,0,90.30
seek_suppression,1,native,0.0270,7330,448,26,94.24
seek_suppression,2,native,0.0280,4049,369,0,91.65
seek_suppression,3,native,0.0300,4057,467,0,89.68
seek_suppression,4,native,0.0290,4032,367,0,91.66
seek_suppression,5,native,0.0270,4061,465,0,89.73
seek_suppression,6,native,0.0250,4072,416,0,90.73
seek_suppression,7,native,0.0300,3991,464,0,89.58
seek_suppression,8,native,0.0270,4529,623,0,87.91
seek_suppression,9,native,0.0260,7510,485,30,93.93
seek_suppression,10,native,0.0270,4045,369,0,91.64
seek_suppression,11,native,0.0300,4517,674,0,87.02
seek_suppression,12,native,0.0290,4056,368,0,91.68
seek_suppression,13,native,0.0310,4062,452,0,89.99
seek_suppression,14,native,0.0280,4050,404,0,90.93
seek_suppression,15,native,0.0300,4516,686,0,86.81
seek_suppression,16,native,0.0250,7300,380,21,95.05
seek_suppression,17,native,0.0260,4089,465,19,89.79
seek_suppression,18,native,0.0300,4035,368,0,91.64
seek_suppression,19,native,0.0310,4076,463,0,89.80
seek_suppression,20,native,0.0300,4059,368,0,91.69
tar_workload,1,native,0.0210,6263,707,540,89.86
tar_workload,2,native,0.0210,6689,884,540,88.33
tar_workload,3,native,0.0190,6067,633,540,90.55
tar_workload,4,native,0.0200,6133,629,540,90.70
tar_workload,5,native,0.0200,6182,691,540,89.95
tar_workload,6,native,0.0200,6153,667,540,90.22
tar_workload,7,native,0.0200,10067,935,567,91.50
tar_workload,8,native,0.0190,6075,633,540,90.56
tar_workload,9,native,0.0200,6243,696,540,89.97
tar_workload,10,native,0.0190,6138,633,540,90.65
tar_workload,11,native,0.0200,6128,631,540,90.66
tar_workload,12,native,0.0190,6192,628,540,90.79
tar_workload,13,native,0.0210,6199,696,540,89.91
tar_workload,14,native,0.0210,6278,636,540,90.80
tar_workload,15,native,0.0210,6224,696,540,89.94
tar_workload,16,native,0.0190,6110,633,540,90.61
tar_workload,17,native,0.0200,6182,695,540,89.89
tar_workload,18,native,0.0200,6208,633,540,90.75
tar_workload,19,native,0.0200,6193,696,540,89.90
tar_workload,20,native,0.0190,9366,620,561,93.79
python_import,1,native,0.0290,6367,404,0,94.03
python_import,2,native,0.0300,6337,403,0,94.02
python_import,3,native,0.0310,6524,392,0,94.33
python_import,4,native,0.0290,6352,398,0,94.10
python_import,5,native,0.0280,9636,400,27,96.01
python_import,6,native,0.0290,6457,371,0,94.57
python_import,7,native,0.0300,6396,409,0,93.99
python_import,8,native,0.0290,6409,389,0,94.28
python_import,9,native,0.0290,6349,432,0,93.63
python_import,10,native,0.0300,6341,393,0,94.16
python_import,11,native,0.0280,6885,603,0,91.95
python_import,12,native,0.0300,9603,374,22,96.25
python_import,13,native,0.0310,6341,403,0,94.02
python_import,14,native,0.0310,6393,404,0,94.06
python_import,15,native,0.0290,6847,627,0,91.61
python_import,16,native,0.0300,9776,394,24,96.13
python_import,17,native,0.0300,6523,405,0,94.15
python_import,18,native,0.0290,6469,397,0,94.22
python_import,19,native,0.0280,6382,397,0,94.14
python_import,20,native,0.0300,6406,407,0,94.03
cache_lookup_workload,1,native,2.1020,4485,311,0,93.52
cache_lookup_workload,2,native,2.1050,4473,254,0,94.63
cache_lookup_workload,3,native,2.1010,4493,287,0,94.00
cache_lookup_workload,4,native,2.1030,4502,266,0,94.42
cache_lookup_workload,5,native,2.1030,4470,317,0,93.38
cache_lookup_workload,6,native,2.1030,4890,473,0,91.18
cache_lookup_workload,7,native,2.1070,4488,284,0,94.05
cache_lookup_workload,8,native,2.1030,4457,220,0,95.30
cache_lookup_workload,9,native,2.0990,8363,612,29,93.18
cache_lookup_workload,10,native,2.1060,4476,256,0,94.59
cache_lookup_workload,11,native,2.1010,4502,312,0,93.52
cache_lookup_workload,12,native,2.1020,4497,256,0,94.61
cache_lookup_workload,13,native,2.1020,4443,315,0,93.38
cache_lookup_workload,14,native,2.1010,4437,254,0,94.59
cache_lookup_workload,15,native,2.1010,4523,315,20,93.49
cache_lookup_workload,16,native,2.0990,4517,222,0,95.32
cache_lookup_workload,17,native,2.1060,8277,551,24,93.76
cache_lookup_workload,18,native,2.1030,4452,220,0,95.29
cache_lookup_workload,19,native,2.1020,4937,531,0,90.29
cache_lookup_workload,20,native,2.1120,7827,217,4,97.30
