workload,run,mode,real_sec,user_sec,sys_sec
sequential,1,native,0.1820,0.0010,0.0340
sequential,1,none,1.0670,0.0050,0.0070
sequential,1,baseline,1.0680,0.0050,0.0070
sequential,1,adaptive,1.0970,0.0020,0.0100
sequential,2,native,0.1790,0.0060,0.0320
sequential,2,none,1.0620,0.0020,0.0110
sequential,2,baseline,1.0810,0.0070,0.0050
sequential,2,adaptive,1.0900,0.0030,0.0100
sequential,3,native,0.1830,0.0020,0.0340
sequential,3,none,1.0780,0.0050,0.0100
sequential,3,baseline,1.0800,0.0030,0.0100
sequential,3,adaptive,1.0720,0.0060,0.0070
sequential,4,native,0.1840,0.0020,0.0370
sequential,4,none,1.0270,0.0020,0.0100
sequential,4,baseline,1.0610,0.0020,0.0100
sequential,4,adaptive,1.0740,0.0110,0.0010
sequential,5,native,0.1800,0.0070,0.0290
sequential,5,none,1.0650,0.0070,0.0070
sequential,5,baseline,1.0590,0.0070,0.0070
sequential,5,adaptive,1.0820,0.0130,0.0000
sequential,6,native,0.1860,0.0050,0.0320
sequential,6,none,1.0490,0.0070,0.0050
sequential,6,baseline,1.0640,0.0030,0.0090
sequential,6,adaptive,1.4360,0.0100,0.0070
sequential,7,native,0.1790,0.0020,0.0340
sequential,7,none,1.0590,0.0110,0.0010
sequential,7,baseline,1.0690,0.0110,0.0010
sequential,7,adaptive,1.0970,0.0010,0.0130
sequential,8,native,0.1830,0.0020,0.0360
sequential,8,none,1.0540,0.0030,0.0090
sequential,8,baseline,1.1150,0.0020,0.0100
sequential,8,adaptive,1.0800,0.0010,0.0130
sequential,9,native,0.1810,0.0020,0.0340
sequential,9,none,1.0720,0.0040,0.0100
sequential,9,baseline,1.0780,0.0050,0.0090
sequential,9,adaptive,1.0840,0.0030,0.0100
sequential,10,native,0.1830,0.0070,0.0290
sequential,10,none,1.1070,0.0070,0.0060
sequential,10,baseline,1.0800,0.0020,0.0100
sequential,10,adaptive,1.0560,0.0070,0.0050
sequential,11,native,0.1880,0.0020,0.0360
sequential,11,none,1.0620,0.0030,0.0090
sequential,11,baseline,1.0870,0.0020,0.0100
sequential,11,adaptive,1.0870,0.0080,0.0050
sequential,12,native,0.1820,0.0020,0.0330
sequential,12,none,1.0420,0.0030,0.0100
sequential,12,baseline,1.0870,0.0110,0.0020
sequential,12,adaptive,1.0900,0.0060,0.0080
sequential,13,native,0.1790,0.0070,0.0300
sequential,13,none,1.0770,0.0050,0.0070
sequential,13,baseline,1.0790,0.0030,0.0090
sequential,13,adaptive,1.0700,0.0030,0.0090
sequential,14,native,0.1780,0.0020,0.0330
sequential,14,none,1.0700,0.0130,0.0000
sequential,14,baseline,1.1250,0.0040,0.0090
sequential,14,adaptive,1.0620,0.0060,0.0070
sequential,15,native,0.1790,0.0020,0.0340
sequential,15,none,1.0480,0.0020,0.0110
sequential,15,baseline,1.0500,0.0030,0.0090
sequential,15,adaptive,1.0750,0.0030,0.0100
sequential,16,native,0.1760,0.0020,0.0320
sequential,16,none,1.0540,0.0020,0.0120
sequential,16,baseline,1.1020,0.0070,0.0050
sequential,16,adaptive,1.0940,0.0010,0.0130
sequential,17,native,0.1770,0.0020,0.0330
sequential,17,none,1.0770,0.0010,0.0120
sequential,17,baseline,1.0980,0.0030,0.0090
sequential,17,adaptive,1.0610,0.0060,0.0060
sequential,18,native,0.1840,0.0060,0.0290
sequential,18,none,1.0570,0.0050,0.0090
sequential,18,baseline,1.0640,0.0120,0.0000
sequential,18,adaptive,1.0580,0.0040,0.0090
sequential,19,native,0.1860,0.0080,0.0270
sequential,19,none,1.0520,0.0030,0.0090
sequential,19,baseline,1.0610,0.0020,0.0110
sequential,19,adaptive,1.0760,0.0050,0.0090
sequential,20,native,0.1780,0.0020,0.0320
sequential,20,none,1.0480,0.0010,0.0130
sequential,20,baseline,1.0730,0.0020,0.0100
sequential,20,adaptive,1.0810,0.0050,0.0090
random,1,native,0.0160,0.0090,0.0040
random,1,none,0.0420,0.0090,0.0070
random,1,baseline,0.0460,0.0130,0.0020
random,1,adaptive,0.0410,0.0120,0.0020
random,2,native,0.0160,0.0090,0.0030
random,2,none,0.0410,0.0120,0.0030
random,2,baseline,0.0460,0.0120,0.0020
random,2,adaptive,0.0430,0.0130,0.0030
random,3,native,0.0160,0.0110,0.0020
random,3,none,0.0430,0.0130,0.0030
random,3,baseline,0.0460,0.0120,0.0030
random,3,adaptive,0.0420,0.0120,0.0020
random,4,native,0.0160,0.0120,0.0010
random,4,none,0.0400,0.0120,0.0030
random,4,baseline,0.0470,0.0110,0.0040
random,4,adaptive,0.0420,0.0100,0.0040
random,5,native,0.0160,0.0080,0.0040
random,5,none,0.0420,0.0090,0.0070
random,5,baseline,0.0440,0.0130,0.0010
random,5,adaptive,0.0410,0.0100,0.0040
random,6,native,0.0150,0.0090,0.0030
random,6,none,0.0440,0.0110,0.0060
random,6,baseline,0.0450,0.0140,0.0010
random,6,adaptive,0.0430,0.0130,0.0020
random,7,native,0.0160,0.0120,0.0010
random,7,none,0.0420,0.0110,0.0050
random,7,baseline,0.0470,0.0140,0.0030
random,7,adaptive,0.0430,0.0120,0.0040
random,8,native,0.0160,0.0100,0.0030
random,8,none,0.0420,0.0150,0.0010
random,8,baseline,0.0440,0.0110,0.0040
random,8,adaptive,0.0420,0.0090,0.0070
random,9,native,0.0160,0.0110,0.0020
random,9,none,0.0430,0.0120,0.0030
random,9,baseline,0.0450,0.0140,0.0010
random,9,adaptive,0.0430,0.0100,0.0060
random,10,native,0.0160,0.0100,0.0030
random,10,none,0.0410,0.0140,0.0010
random,10,baseline,0.0480,0.0140,0.0010
random,10,adaptive,0.0420,0.0130,0.0010
random,11,native,0.0160,0.0110,0.0020
random,11,none,0.0400,0.0120,0.0020
random,11,baseline,0.0450,0.0110,0.0040
random,11,adaptive,0.0410,0.0110,0.0030
random,12,native,0.0160,0.0120,0.0010
random,12,none,0.0400,0.0110,0.0020
random,12,baseline,0.0440,0.0100,0.0040
random,12,adaptive,0.0420,0.0110,0.0030
random,13,native,0.0160,0.0100,0.0030
random,13,none,0.0430,0.0100,0.0050
random,13,baseline,0.0440,0.0110,0.0040
random,13,adaptive,0.0420,0.0140,0.0020
random,14,native,0.0160,0.0120,0.0010
random,14,none,0.0410,0.0120,0.0030
random,14,baseline,0.0470,0.0160,0.0010
random,14,adaptive,0.0420,0.0110,0.0050
random,15,native,0.0160,0.0120,0.0010
random,15,none,0.0420,0.0120,0.0010
random,15,baseline,0.0450,0.0110,0.0030
random,15,adaptive,0.0410,0.0100,0.0040
random,16,native,0.0160,0.0110,0.0010
random,16,none,0.0430,0.0140,0.0010
random,16,baseline,0.0450,0.0100,0.0060
random,16,adaptive,0.0410,0.0090,0.0060
random,17,native,0.0160,0.0080,0.0050
random,17,none,0.0410,0.0130,0.0020
random,17,baseline,0.0450,0.0130,0.0020
random,17,adaptive,0.0410,0.0100,0.0060
random,18,native,0.0160,0.0090,0.0040
random,18,none,0.0420,0.0150,0.0010
random,18,baseline,0.0440,0.0090,0.0050
random,18,adaptive,0.0420,0.0120,0.0030
random,19,native,0.0160,0.0090,0.0040
random,19,none,0.0420,0.0130,0.0030
random,19,baseline,0.0500,0.0140,0.0010
random,19,adaptive,0.0410,0.0130,0.0010
random,20,native,0.0160,0.0090,0.0040
random,20,none,0.0410,0.0120,0.0020
random,20,baseline,0.0440,0.0140,0.0010
random,20,adaptive,0.0420,0.0130,0.0020
phase_change,1,native,0.2210,0.0230,0.0510
phase_change,1,none,2.1620,0.0250,0.0170
phase_change,1,baseline,2.1540,0.0250,0.0170
phase_change,1,adaptive,3.4810,0.0250,0.0400
phase_change,2,native,0.2120,0.0210,0.0500
phase_change,2,none,2.1530,0.0180,0.0210
phase_change,2,baseline,2.1540,0.0230,0.0160
phase_change,2,adaptive,2.2000,0.0240,0.0170
phase_change,3,native,0.2190,0.0160,0.0540
phase_change,3,none,2.3430,0.0260,0.0170
phase_change,3,baseline,2.1630,0.0240,0.0150
phase_change,3,adaptive,2.1750,0.0270,0.0110
phase_change,4,native,0.2160,0.0200,0.0530
phase_change,4,none,2.1270,0.0200,0.0200
phase_change,4,baseline,2.1850,0.0280,0.0130
phase_change,4,adaptive,2.9260,0.0270,0.0270
phase_change,5,native,0.2190,0.0160,0.0550
phase_change,5,none,2.1570,0.0150,0.0250
phase_change,5,baseline,2.1620,0.0210,0.0180
phase_change,5,adaptive,2.8910,0.0190,0.0290
phase_change,6,native,0.2130,0.0180,0.0480
phase_change,6,none,2.1700,0.0350,0.0060
phase_change,6,baseline,2.1760,0.0190,0.0210
phase_change,6,adaptive,2.6340,0.0240,0.0250
phase_change,7,native,0.2220,0.0170,0.0510
phase_change,7,none,2.1310,0.0150,0.0250
phase_change,7,baseline,2.1940,0.0170,0.0240
phase_change,7,adaptive,2.1910,0.0140,0.0260
phase_change,8,native,0.2160,0.0170,0.0470
phase_change,8,none,2.1540,0.0260,0.0140
phase_change,8,baseline,2.1630,0.0190,0.0200
phase_change,8,adaptive,2.1890,0.0230,0.0170
phase_change,9,native,0.2220,0.0130,0.0570
phase_change,9,none,2.4240,0.0300,0.0120
phase_change,9,baseline,2.3670,0.0250,0.0200
phase_change,9,adaptive,2.1960,0.0180,0.0220
phase_change,10,native,0.2170,0.0200,0.0470
phase_change,10,none,2.1450,0.0180,0.0240
phase_change,10,baseline,2.2170,0.0150,0.0260
phase_change,10,adaptive,2.1920,0.0210,0.0180
phase_change,11,native,0.2230,0.0160,0.0600
phase_change,11,none,2.1530,0.0180,0.0200
phase_change,11,baseline,2.1540,0.0220,0.0180
phase_change,11,adaptive,2.1900,0.0270,0.0110
phase_change,12,native,0.2160,0.0140,0.0550
phase_change,12,none,2.2850,0.0150,0.0260
phase_change,12,baseline,2.3270,0.0250,0.0170
phase_change,12,adaptive,2.1990,0.0200,0.0190
phase_change,13,native,0.2120,0.0150,0.0540
phase_change,13,none,2.1660,0.0230,0.0170
phase_change,13,baseline,2.2000,0.0200,0.0220
phase_change,13,adaptive,2.1990,0.0330,0.0070
phase_change,14,native,0.2140,0.0190,0.0520
phase_change,14,none,2.1910,0.0190,0.0230
phase_change,14,baseline,2.2100,0.0240,0.0170
phase_change,14,adaptive,2.2110,0.0290,0.0110
phase_change,15,native,0.2190,0.0230,0.0480
phase_change,15,none,2.3000,0.0280,0.0130
phase_change,15,baseline,2.1610,0.0200,0.0190
phase_change,15,adaptive,2.1810,0.0150,0.0250
phase_change,16,native,0.2220,0.0240,0.0570
phase_change,16,none,2.1360,0.0200,0.0200
phase_change,16,baseline,2.2000,0.0360,0.0040
phase_change,16,adaptive,2.1790,0.0210,0.0180
phase_change,17,native,0.2230,0.0210,0.0530
phase_change,17,none,2.2940,0.0240,0.0180
phase_change,17,baseline,2.2510,0.0210,0.0210
phase_change,17,adaptive,2.1740,0.0210,0.0180
phase_change,18,native,0.2170,0.0150,0.0550
phase_change,18,none,2.5210,0.0350,0.0100
phase_change,18,baseline,2.1440,0.0240,0.0160
phase_change,18,adaptive,2.1860,0.0170,0.0230
phase_change,19,native,0.2140,0.0180,0.0520
phase_change,19,none,2.1300,0.0160,0.0250
phase_change,19,baseline,2.2040,0.0310,0.0100
phase_change,19,adaptive,2.1810,0.0270,0.0130
phase_change,20,native,0.2100,0.0140,0.0530
phase_change,20,none,2.1420,0.0210,0.0180
phase_change,20,baseline,2.2540,0.0290,0.0130
phase_change,20,adaptive,2.1340,0.0190,0.0200
gradual_drift,1,native,0.0520,0.0130,0.0070
gradual_drift,1,none,0.2230,0.0150,0.0040
gradual_drift,1,baseline,0.2250,0.0120,0.0080
gradual_drift,1,adaptive,0.2240,0.0150,0.0050
gradual_drift,2,native,0.0490,0.0150,0.0040
gradual_drift,2,none,0.2230,0.0140,0.0060
gradual_drift,2,baseline,0.2240,0.0140,0.0050
gradual_drift,2,adaptive,0.2240,0.0200,0.0000
gradual_drift,3,native,0.0490,0.0190,0.0000
gradual_drift,3,none,0.2140,0.0180,0.0010
gradual_drift,3,baseline,0.2250,0.0130,0.0080
gradual_drift,3,adaptive,0.2150,0.0120,0.0060
gradual_drift,4,native,0.0520,0.0120,0.0070
gradual_drift,4,none,0.2170,0.0140,0.0050
gradual_drift,4,baseline,0.2250,0.0100,0.0110
gradual_drift,4,adaptive,0.2180,0.0190,0.0000
gradual_drift,5,native,0.0500,0.0120,0.0070
gradual_drift,5,none,0.2250,0.0090,0.0120
gradual_drift,5,baseline,0.2880,0.0130,0.0080
gradual_drift,5,adaptive,0.2300,0.0140,0.0050
gradual_drift,6,native,0.0510,0.0050,0.0140
gradual_drift,6,none,0.2150,0.0160,0.0030
gradual_drift,6,baseline,0.2250,0.0140,0.0050
gradual_drift,6,adaptive,0.2170,0.0150,0.0040
gradual_drift,7,native,0.0490,0.0120,0.0070
gradual_drift,7,none,0.2140,0.0120,0.0070
gradual_drift,7,baseline,0.2280,0.0050,0.0150
gradual_drift,7,adaptive,0.2690,0.0110,0.0090
gradual_drift,8,native,0.0510,0.0130,0.0060
gradual_drift,8,none,0.2150,0.0150,0.0040
gradual_drift,8,baseline,0.2300,0.0160,0.0030
gradual_drift,8,adaptive,0.2280,0.0100,0.0090
gradual_drift,9,native,0.0500,0.0140,0.0060
gradual_drift,9,none,0.2180,0.0180,0.0010
gradual_drift,9,baseline,0.2240,0.0140,0.0050
gradual_drift,9,adaptive,0.2190,0.0160,0.0040
gradual_drift,10,native,0.0520,0.0200,0.0000
gradual_drift,10,none,0.2220,0.0140,0.0070
gradual_drift,10,baseline,0.2170,0.0100,0.0090
gradual_drift,10,adaptive,0.2230,0.0140,0.0050
gradual_drift,11,native,0.0520,0.0090,0.0100
gradual_drift,11,none,0.2170,0.0210,0.0010
gradual_drift,11,baseline,0.2240,0.0120,0.0070
gradual_drift,11,adaptive,0.2300,0.0180,0.0010
gradual_drift,12,native,0.0510,0.0060,0.0130
gradual_drift,12,none,0.2220,0.0150,0.0070
gradual_drift,12,baseline,0.2240,0.0190,0.0000
gradual_drift,12,adaptive,0.2260,0.0190,0.0000
gradual_drift,13,native,0.0510,0.0190,0.0000
gradual_drift,13,none,0.2220,0.0030,0.0160
gradual_drift,13,baseline,0.2300,0.0190,0.0000
gradual_drift,13,adaptive,0.2250,0.0170,0.0040
gradual_drift,14,native,0.0510,0.0020,0.0170
gradual_drift,14,none,0.2200,0.0050,0.0140
gradual_drift,14,baseline,0.2240,0.0140,0.0050
gradual_drift,14,adaptive,0.2220,0.0090,0.0100
gradual_drift,15,native,0.0520,0.0080,0.0120
gradual_drift,15,none,0.2210,0.0120,0.0080
gradual_drift,15,baseline,0.2240,0.0190,0.0000
gradual_drift,15,adaptive,0.2310,0.0130,0.0070
gradual_drift,16,native,0.0500,0.0150,0.0040
gradual_drift,16,none,0.2130,0.0120,0.0080
gradual_drift,16,baseline,0.2300,0.0100,0.0090
gradual_drift,16,adaptive,0.2230,0.0190,0.0000
gradual_drift,17,native,0.0480,0.0150,0.0040
gradual_drift,17,none,0.2140,0.0190,0.0000
gradual_drift,17,baseline,0.2220,0.0110,0.0080
gradual_drift,17,adaptive,0.2220,0.0080,0.0110
gradual_drift,18,native,0.0510,0.0110,0.0090
gradual_drift,18,none,0.2140,0.0170,0.0010
gradual_drift,18,baseline,0.2260,0.0150,0.0040
gradual_drift,18,adaptive,0.2870,0.0170,0.0040
gradual_drift,19,native,0.0490,0.0100,0.0090
gradual_drift,19,none,0.2270,0.0150,0.0040
gradual_drift,19,baseline,0.2230,0.0190,0.0000
gradual_drift,19,adaptive,0.2250,0.0140,0.0050
gradual_drift,20,native,0.0510,0.0180,0.0010
gradual_drift,20,none,0.2270,0.0190,0.0000
gradual_drift,20,baseline,0.2260,0.0140,0.0050
gradual_drift,20,adaptive,0.2250,0.0130,0.0080
seek_suppression,1,native,0.0560,0.0190,0.0000
seek_suppression,1,none,0.1140,0.0110,0.0070
seek_suppression,1,baseline,0.1170,0.0120,0.0080
seek_suppression,1,adaptive,0.1150,0.0110,0.0070
seek_suppression,2,native,0.0570,0.0110,0.0090
seek_suppression,2,none,0.1200,0.0150,0.0030
seek_suppression,2,baseline,0.1170,0.0150,0.0050
seek_suppression,2,adaptive,0.1190,0.0150,0.0050
seek_suppression,3,native,0.0560,0.0160,0.0040
seek_suppression,3,none,0.1230,0.0120,0.0070
seek_suppression,3,baseline,0.1230,0.0180,0.0000
seek_suppression,3,adaptive,0.1200,0.0180,0.0000
seek_suppression,4,native,0.0540,0.0150,0.0040
seek_suppression,4,none,0.1130,0.0180,0.0000
seek_suppression,4,baseline,0.1170,0.0180,0.0000
seek_suppression,4,adaptive,0.1200,0.0150,0.0030
seek_suppression,5,native,0.0570,0.0150,0.0050
seek_suppression,5,none,0.1160,0.0100,0.0070
seek_suppression,5,baseline,0.1170,0.0180,0.0000
seek_suppression,5,adaptive,0.1150,0.0170,0.0010
seek_suppression,6,native,0.0550,0.0120,0.0070
seek_suppression,6,none,0.1150,0.0170,0.0030
seek_suppression,6,baseline,0.1170,0.0160,0.0040
seek_suppression,6,adaptive,0.1160,0.0170,0.0020
seek_suppression,7,native,0.0550,0.0010,0.0190
seek_suppression,7,none,0.1140,0.0180,0.0000
seek_suppression,7,baseline,0.1210,0.0170,0.0010
seek_suppression,7,adaptive,0.1200,0.0130,0.0050
seek_suppression,8,native,0.0550,0.0130,0.0060
seek_suppression,8,none,0.1140,0.0120,0.0060
seek_suppression,8,baseline,0.1230,0.0170,0.0010
seek_suppression,8,adaptive,0.1160,0.0120,0.0050
seek_suppression,9,native,0.0580,0.0140,0.0060
seek_suppression,9,none,0.1130,0.0160,0.0010
seek_suppression,9,baseline,0.1190,0.0180,0.0000
seek_suppression,9,adaptive,0.1150,0.0130,0.0050
seek_suppression,10,native,0.0560,0.0180,0.0010
seek_suppression,10,none,0.1150,0.0080,0.0110
seek_suppression,10,baseline,0.1180,0.0170,0.0010
seek_suppression,10,adaptive,0.1250,0.0160,0.0010
seek_suppression,11,native,0.0540,0.0140,0.0060
seek_suppression,11,none,0.1130,0.0150,0.0030
seek_suppression,11,baseline,0.1160,0.0170,0.0010
seek_suppression,11,adaptive,0.1200,0.0170,0.0010
seek_suppression,12,native,0.0550,0.0130,0.0060
seek_suppression,12,none,0.1130,0.0140,0.0030
seek_suppression,12,baseline,0.1210,0.0100,0.0080
seek_suppression,12,adaptive,0.1190,0.0180,0.0000
seek_suppression,13,native,0.0570,0.0140,0.0060
seek_suppression,13,none,0.1150,0.0170,0.0010
seek_suppression,13,baseline,0.1150,0.0180,0.0000
seek_suppression,13,adaptive,0.1180,0.0140,0.0040
seek_suppression,14,native,0.0560,0.0080,0.0120
seek_suppression,14,none,0.1140,0.0110,0.0080
seek_suppression,14,baseline,0.1150,0.0120,0.0060
seek_suppression,14,adaptive,0.1170,0.0140,0.0040
seek_suppression,15,native,0.0580,0.0110,0.0090
seek_suppression,15,none,0.1150,0.0170,0.0010
seek_suppression,15,baseline,0.1210,0.0190,0.0000
seek_suppression,15,adaptive,0.1120,0.0090,0.0090
seek_suppression,16,native,0.0570,0.0110,0.0090
seek_suppression,16,none,0.1190,0.0130,0.0050
seek_suppression,16,baseline,0.1180,0.0180,0.0000
seek_suppression,16,adaptive,0.1200,0.0120,0.0060
seek_suppression,17,native,0.0570,0.0170,0.0030
seek_suppression,17,none,0.1130,0.0130,0.0050
seek_suppression,17,baseline,0.1160,0.0110,0.0080
seek_suppression,17,adaptive,0.1160,0.0110,0.0070
seek_suppression,18,native,0.0570,0.0140,0.0060
seek_suppression,18,none,0.1170,0.0150,0.0030
seek_suppression,18,baseline,0.1160,0.0170,0.0010
seek_suppression,18,adaptive,0.1190,0.0170,0.0020
seek_suppression,19,native,0.0580,0.0150,0.0040
seek_suppression,19,none,0.1190,0.0150,0.0040
seek_suppression,19,baseline,0.1170,0.0160,0.0010
seek_suppression,19,adaptive,0.1120,0.0170,0.0010
seek_suppression,20,native,0.0560,0.0130,0.0070
seek_suppression,20,none,0.1140,0.0180,0.0000
seek_suppression,20,baseline,0.1170,0.0130,0.0050
seek_suppression,20,adaptive,0.1150,0.0200,0.0000
tar_workload,1,native,0.0190,0.0020,0.0080
tar_workload,1,none,0.2310,0.0040,0.0090
tar_workload,1,baseline,0.2250,0.0080,0.0050
tar_workload,1,adaptive,0.2280,0.0060,0.0080
tar_workload,2,native,0.0190,0.0030,0.0060
tar_workload,2,none,0.2230,0.0020,0.0100
tar_workload,2,baseline,0.2370,0.0040,0.0090
tar_workload,2,adaptive,0.2300,0.0040,0.0090
tar_workload,3,native,0.0190,0.0030,0.0060
tar_workload,3,none,0.2250,0.0110,0.0020
tar_workload,3,baseline,0.2230,0.0050,0.0080
tar_workload,3,adaptive,0.2300,0.0030,0.0110
tar_workload,4,native,0.0200,0.0100,0.0000
tar_workload,4,none,0.2290,0.0090,0.0040
tar_workload,4,baseline,0.2350,0.0050,0.0080
tar_workload,4,adaptive,0.2280,0.0090,0.0040
tar_workload,5,native,0.0190,0.0030,0.0060
tar_workload,5,none,0.2150,0.0100,0.0020
tar_workload,5,baseline,0.2260,0.0060,0.0080
tar_workload,5,adaptive,0.2260,0.0110,0.0020
tar_workload,6,native,0.0190,0.0030,0.0060
tar_workload,6,none,0.2320,0.0030,0.0110
tar_workload,6,baseline,0.2260,0.0120,0.0020
tar_workload,6,adaptive,0.2290,0.0060,0.0070
tar_workload,7,native,0.0200,0.0030,0.0060
tar_workload,7,none,0.2300,0.0040,0.0090
tar_workload,7,baseline,0.2290,0.0040,0.0100
tar_workload,7,adaptive,0.2300,0.0040,0.0110
tar_workload,8,native,0.0200,0.0080,0.0010
tar_workload,8,none,0.2240,0.0110,0.0020
tar_workload,8,baseline,0.2290,0.0070,0.0070
tar_workload,8,adaptive,0.2250,0.0050,0.0080
tar_workload,9,native,0.0190,0.0030,0.0060
tar_workload,9,none,0.2330,0.0130,0.0000
tar_workload,9,baseline,0.2230,0.0070,0.0060
tar_workload,9,adaptive,0.2300,0.0060,0.0070
tar_workload,10,native,0.0190,0.0020,0.0090
tar_workload,10,none,0.2200,0.0120,0.0020
tar_workload,10,baseline,0.2970,0.0050,0.0110
tar_workload,10,adaptive,0.2300,0.0020,0.0110
tar_workload,11,native,0.0190,0.0070,0.0030
tar_workload,11,none,0.2260,0.0100,0.0030
tar_workload,11,baseline,0.2270,0.0040,0.0090
tar_workload,11,adaptive,0.2300,0.0020,0.0120
tar_workload,12,native,0.0190,0.0050,0.0050
tar_workload,12,none,0.2240,0.0040,0.0090
tar_workload,12,baseline,0.2240,0.0020,0.0110
tar_workload,12,adaptive,0.2300,0.0110,0.0020
tar_workload,13,native,0.0190,0.0030,0.0060
tar_workload,13,none,0.2240,0.0060,0.0070
tar_workload,13,baseline,0.2300,0.0040,0.0100
tar_workload,13,adaptive,0.2320,0.0060,0.0080
tar_workload,14,native,0.0190,0.0050,0.0050
tar_workload,14,none,0.2410,0.0030,0.0100
tar_workload,14,baseline,0.2290,0.0060,0.0070
tar_workload,14,adaptive,0.2310,0.0020,0.0110
tar_workload,15,native,0.0200,0.0030,0.0070
tar_workload,15,none,0.2210,0.0050,0.0080
tar_workload,15,baseline,0.2290,0.0050,0.0100
tar_workload,15,adaptive,0.2240,0.0040,0.0090
tar_workload,16,native,0.0190,0.0050,0.0050
tar_workload,16,none,0.2230,0.0060,0.0070
tar_workload,16,baseline,0.2300,0.0110,0.0020
tar_workload,16,adaptive,0.2240,0.0060,0.0070
tar_workload,17,native,0.0190,0.0030,0.0060
tar_workload,17,none,0.2190,0.0130,0.0000
tar_workload,17,baseline,0.2230,0.0130,0.0000
tar_workload,17,adaptive,0.2280,0.0050,0.0090
tar_workload,18,native,0.0190,0.0020,0.0080
tar_workload,18,none,0.2280,0.0030,0.0100
tar_workload,18,baseline,0.2300,0.0060,0.0070
tar_workload,18,adaptive,0.2230,0.0090,0.0040
tar_workload,19,native,0.0190,0.0050,0.0050
tar_workload,19,none,0.2270,0.0120,0.0030
tar_workload,19,baseline,0.2330,0.0040,0.0090
tar_workload,19,adaptive,0.2300,0.0050,0.0100
tar_workload,20,native,0.0190,0.0080,0.0020
tar_workload,20,none,0.2250,0.0090,0.0040
tar_workload,20,baseline,0.2320,0.0090,0.0060
tar_workload,20,adaptive,0.2290,0.0070,0.0070
python_import,1,native,0.0280,0.0040,0.0060
python_import,1,none,0.5560,0.0140,0.0040
python_import,1,baseline,0.5600,0.0050,0.0110
python_import,1,adaptive,0.5660,0.0110,0.0070
python_import,2,native,0.0280,0.0060,0.0040
python_import,2,none,0.5640,0.0060,0.0110
python_import,2,baseline,0.5540,0.0100,0.0080
python_import,2,adaptive,0.5590,0.0040,0.0140
python_import,3,native,0.0280,0.0070,0.0030
python_import,3,none,0.5490,0.0060,0.0110
python_import,3,baseline,0.5590,0.0140,0.0020
python_import,3,adaptive,0.5630,0.0040,0.0140
python_import,4,native,0.0280,0.0040,0.0050
python_import,4,none,0.5600,0.0060,0.0110
python_import,4,baseline,0.5620,0.0060,0.0110
python_import,4,adaptive,0.5630,0.0140,0.0030
python_import,5,native,0.0280,0.0050,0.0040
python_import,5,none,0.5700,0.0130,0.0050
python_import,5,baseline,0.5750,0.0060,0.0110
python_import,5,adaptive,0.5480,0.0160,0.0000
python_import,6,native,0.0280,0.0080,0.0010
python_import,6,none,0.5590,0.0050,0.0120
python_import,6,baseline,0.5400,0.0080,0.0080
python_import,6,adaptive,0.5450,0.0080,0.0100
python_import,7,native,0.0280,0.0040,0.0050
python_import,7,none,0.5510,0.0060,0.0120
python_import,7,baseline,0.5700,0.0100,0.0070
python_import,7,adaptive,0.5560,0.0100,0.0080
python_import,8,native,0.0280,0.0080,0.0010
python_import,8,none,0.5480,0.0070,0.0100
python_import,8,baseline,0.5520,0.0080,0.0080
python_import,8,adaptive,0.5580,0.0070,0.0090
python_import,9,native,0.0280,0.0040,0.0050
python_import,9,none,0.5400,0.0060,0.0110
python_import,9,baseline,0.5620,0.0140,0.0020
python_import,9,adaptive,0.5630,0.0050,0.0120
python_import,10,native,0.0280,0.0020,0.0070
python_import,10,none,0.5530,0.0060,0.0120
python_import,10,baseline,0.5790,0.0040,0.0130
python_import,10,adaptive,0.5500,0.0060,0.0110
python_import,11,native,0.0290,0.0090,0.0010
python_import,11,none,0.5660,0.0080,0.0100
python_import,11,baseline,0.5580,0.0050,0.0110
python_import,11,adaptive,0.5650,0.0140,0.0040
python_import,12,native,0.0290,0.0040,0.0060
python_import,12,none,0.5570,0.0080,0.0090
python_import,12,baseline,0.5570,0.0080,0.0090
python_import,12,adaptive,0.5450,0.0070,0.0110
python_import,13,native,0.0290,0.0080,0.0020
python_import,13,none,0.5610,0.0080,0.0100
python_import,13,baseline,0.5670,0.0060,0.0100
python_import,13,adaptive,0.5760,0.0080,0.0100
python_import,14,native,0.0290,0.0070,0.0030
python_import,14,none,0.5460,0.0050,0.0110
python_import,14,baseline,0.5530,0.0070,0.0080
python_import,14,adaptive,0.5550,0.0070,0.0090
python_import,15,native,0.0290,0.0030,0.0070
python_import,15,none,0.5470,0.0070,0.0090
python_import,15,baseline,0.5650,0.0070,0.0090
python_import,15,adaptive,0.5520,0.0100,0.0060
python_import,16,native,0.0290,0.0090,0.0010
python_import,16,none,0.5540,0.0170,0.0000
python_import,16,baseline,0.5600,0.0060,0.0100
python_import,16,adaptive,0.5590,0.0130,0.0060
python_import,17,native,0.0280,0.0060,0.0040
python_import,17,none,0.5590,0.0160,0.0010
python_import,17,baseline,0.5530,0.0080,0.0090
python_import,17,adaptive,0.5520,0.0150,0.0020
python_import,18,native,0.0290,0.0080,0.0020
python_import,18,none,0.5530,0.0160,0.0010
python_import,18,baseline,0.5680,0.0150,0.0020
python_import,18,adaptive,0.5500,0.0030,0.0150
python_import,19,native,0.0280,0.0050,0.0040
python_import,19,none,0.5540,0.0110,0.0060
python_import,19,baseline,0.5610,0.0060,0.0110
python_import,19,adaptive,0.5660,0.0080,0.0090
python_import,20,native,0.0290,0.0050,0.0040
python_import,20,none,0.5390,0.0170,0.0000
python_import,20,baseline,0.5470,0.0160,0.0000
python_import,20,adaptive,0.5590,0.0040,0.0130
cache_lookup_workload,1,native,2.1320,0.0370,0.0180
cache_lookup_workload,1,none,2.7970,0.0170,0.0250
cache_lookup_workload,1,baseline,2.8120,0.0220,0.0160
cache_lookup_workload,1,adaptive,2.7990,0.0410,0.0010
cache_lookup_workload,2,native,2.1290,0.0290,0.0240
cache_lookup_workload,2,none,2.7920,0.0380,0.0010
cache_lookup_workload,2,baseline,2.8010,0.0270,0.0130
cache_lookup_workload,2,adaptive,2.7830,0.0330,0.0070
cache_lookup_workload,3,native,2.1310,0.0290,0.0260
cache_lookup_workload,3,none,2.7970,0.0340,0.0050
cache_lookup_workload,3,baseline,2.8120,0.0240,0.0150
cache_lookup_workload,3,adaptive,2.7970,0.0330,0.0070
cache_lookup_workload,4,native,2.1300,0.0430,0.0120
cache_lookup_workload,4,none,2.7770,0.0410,0.0000
cache_lookup_workload,4,baseline,2.8170,0.0320,0.0070
cache_lookup_workload,4,adaptive,2.8010,0.0320,0.0080
cache_lookup_workload,5,native,2.1300,0.0240,0.0300
cache_lookup_workload,5,none,2.8020,0.0280,0.0120
cache_lookup_workload,5,baseline,2.8150,0.0310,0.0090
cache_lookup_workload,5,adaptive,2.7940,0.0240,0.0140
cache_lookup_workload,6,native,2.1310,0.0280,0.0260
cache_lookup_workload,6,none,2.7940,0.0340,0.0050
cache_lookup_workload,6,baseline,2.8150,0.0310,0.0080
cache_lookup_workload,6,adaptive,2.8020,0.0280,0.0120
cache_lookup_workload,7,native,2.1290,0.0320,0.0210
cache_lookup_workload,7,none,2.7810,0.0290,0.0110
cache_lookup_workload,7,baseline,2.8110,0.0360,0.0010
cache_lookup_workload,7,adaptive,2.7960,0.0260,0.0140
cache_lookup_workload,8,native,2.1320,0.0280,0.0250
cache_lookup_workload,8,none,2.7920,0.0300,0.0100
cache_lookup_workload,8,baseline,2.8080,0.0230,0.0150
cache_lookup_workload,8,adaptive,2.7950,0.0300,0.0100
cache_lookup_workload,9,native,2.1290,0.0270,0.0270
cache_lookup_workload,9,none,2.7980,0.0340,0.0060
cache_lookup_workload,9,baseline,2.8170,0.0190,0.0210
cache_lookup_workload,9,adaptive,2.7990,0.0140,0.0250
cache_lookup_workload,10,native,2.1280,0.0290,0.0210
cache_lookup_workload,10,none,2.8000,0.0320,0.0090
cache_lookup_workload,10,baseline,2.7930,0.0210,0.0170
cache_lookup_workload,10,adaptive,2.7950,0.0300,0.0100
cache_lookup_workload,11,native,2.1290,0.0290,0.0230
cache_lookup_workload,11,none,2.7960,0.0250,0.0130
cache_lookup_workload,11,baseline,2.8160,0.0330,0.0060
cache_lookup_workload,11,adaptive,2.8020,0.0230,0.0170
cache_lookup_workload,12,native,2.1260,0.0210,0.0300
cache_lookup_workload,12,none,2.7970,0.0280,0.0120
cache_lookup_workload,12,baseline,2.8190,0.0250,0.0140
cache_lookup_workload,12,adaptive,2.8000,0.0330,0.0060
cache_lookup_workload,13,native,2.1270,0.0300,0.0240
cache_lookup_workload,13,none,2.7930,0.0300,0.0100
cache_lookup_workload,13,baseline,2.8150,0.0300,0.0080
cache_lookup_workload,13,adaptive,2.7980,0.0140,0.0260
cache_lookup_workload,14,native,2.1270,0.0200,0.0330
cache_lookup_workload,14,none,2.7960,0.0280,0.0120
cache_lookup_workload,14,baseline,2.8210,0.0380,0.0010
cache_lookup_workload,14,adaptive,2.7960,0.0300,0.0100
cache_lookup_workload,15,native,2.1270,0.0270,0.0250
cache_lookup_workload,15,none,2.7980,0.0290,0.0110
cache_lookup_workload,15,baseline,2.8150,0.0240,0.0160
cache_lookup_workload,15,adaptive,2.7930,0.0290,0.0120
cache_lookup_workload,16,native,2.1260,0.0280,0.0260
cache_lookup_workload,16,none,2.7760,0.0240,0.0160
cache_lookup_workload,16,baseline,2.8080,0.0300,0.0090
cache_lookup_workload,16,adaptive,2.7490,0.0280,0.0110
cache_lookup_workload,17,native,2.1310,0.0350,0.0190
cache_lookup_workload,17,none,2.7780,0.0270,0.0120
cache_lookup_workload,17,baseline,2.8120,0.0250,0.0140
cache_lookup_workload,17,adaptive,2.7930,0.0280,0.0120
cache_lookup_workload,18,native,2.1290,0.0300,0.0240
cache_lookup_workload,18,none,2.7910,0.0320,0.0080
cache_lookup_workload,18,baseline,2.8080,0.0290,0.0100
cache_lookup_workload,18,adaptive,2.7960,0.0330,0.0070
cache_lookup_workload,19,native,2.1270,0.0250,0.0260
cache_lookup_workload,19,none,2.7870,0.0390,0.0000
cache_lookup_workload,19,baseline,2.8070,0.0340,0.0050
cache_lookup_workload,19,adaptive,2.7850,0.0240,0.0170
cache_lookup_workload,20,native,2.1320,0.0230,0.0320
cache_lookup_workload,20,none,2.7890,0.0340,0.0050
cache_lookup_workload,20,baseline,2.8090,0.0270,0.0120
cache_lookup_workload,20,adaptive,2.7930,0.0320,0.0070
