run_index,run_label,mode,workload,timestamp,path,offset,size,phase,confidence,decay_rate,seek_delta,prefetch,prefetch_offset,prefetch_size,prefetch_depth,cache_hit,false_negative
21,021_adaptive_python_import_run01,adaptive,python_import,1779900444.046898,/pyfiles/module_1.py,0,137,unknown,0.0000,0.0000,0,0,,,1,1,0
21,021_adaptive_python_import_run01,adaptive,python_import,1779900444.050776,/pyfiles/module_1.py,137,0,sequential,1.0000,0.0000,0,0,,,1,1,0
21,021_adaptive_python_import_run01,adaptive,python_import,1779900444.053787,/pyfiles/module_10.py,0,142,irregular,0.5000,0.5000,137,0,,,1,1,0
21,021_adaptive_python_import_run01,adaptive,python_import,1779900444.056774,/pyfiles/module_10.py,142,0,irregular,0.6667,0.0000,0,0,,,1,1,0
21,021_adaptive_python_import_run01,adaptive,python_import,1779900444.059768,/pyfiles/module_100.py,0,147,irregular,0.5000,0.1667,142,0,,,1,1,0
21,021_adaptive_python_import_run01,adaptive,python_import,1779900444.063711,/pyfiles/module_100.py,147,0,irregular,0.5000,0.0000,0,0,,,1,1,0
21,021_adaptive_python_import_run01,adaptive,python_import,1779900444.067719,/pyfiles/module_101.py,0,147,irregular,0.5000,0.0000,147,0,,,1,1,0
21,021_adaptive_python_import_run01,adaptive,python_import,1779900444.0717561,/pyfiles/module_101.py,147,0,irregular,0.5000,0.0000,0,0,,,1,1,0
21,021_adaptive_python_import_run01,adaptive,python_import,1779900444.075704,/pyfiles/module_102.py,0,147,irregular,0.5000,0.0000,147,0,,,1,1,0
21,021_adaptive_python_import_run01,adaptive,python_import,1779900444.0797162,/pyfiles/module_102.py,147,0,irregular,0.5000,0.0000,0,0,,,1,1,0
21,021_adaptive_python_import_run01,adaptive,python_import,1779900444.083735,/pyfiles/module_103.py,0,147,irregular,0.5000,0.0000,147,0,,,1,1,0
21,021_adaptive_python_import_run01,adaptive,python_import,1779900444.087731,/pyfiles/module_103.py,147,0,irregular,0.5000,0.0000,0,0,,,1,1,0
21,021_adaptive_python_import_run01,adaptive,python_import,1779900444.091718,/pyfiles/module_104.py,0,147,irregular,0.5000,0.0000,147,0,,,1,1,0
21,021_adaptive_python_import_run01,adaptive,python_import,1779900444.095701,/pyfiles/module_104.py,147,0,irregular,0.5000,0.0000,0,0,,,1,1,0
21,021_adaptive_python_import_run01,adaptive,python_import,1779900444.099701,/pyfiles/module_105.py,0,147,irregular,0.5000,0.0000,147,0,,,1,1,0
21,021_adaptive_python_import_run01,adaptive,python_import,1779900444.103728,/pyfiles/module_105.py,147,0,irregular,0.5000,0.0000,0,0,,,1,1,0
21,021_adaptive_python_import_run01,adaptive,python_import,1779900444.1077278,/pyfiles/module_106.py,0,147,irregular,0.5000,0.0000,147,0,,,1,1,0
21,021_adaptive_python_import_run01,adaptive,python_import,1779900444.111768,/pyfiles/module_106.py,147,0,irregular,0.5000,0.0000,0,0,,,1,1,0
21,021_adaptive_python_import_run01,adaptive,python_import,1779900444.1158981,/pyfiles/module_107.py,0,147,irregular,0.5000,0.0000,147,0,,,1,1,0
21,021_adaptive_python_import_run01,adaptive,python_import,1779900444.119735,/pyfiles/module_107.py,147,0,irregular,0.5000,0.0000,0,0,,,1,1,0
21,021_adaptive_python_import_run01,adaptive,python_import,1779900444.123968,/pyfiles/module_108.py,0,147,irregular,0.5000,0.0000,147,0,,,1,1,0
21,021_adaptive_python_import_run01,adaptive,python_import,1779900444.127817,/pyfiles/module_108.py,147,0,irregular,0.5000,0.0000,0,0,,,1,1,0
21,021_adaptive_python_import_run01,adaptive,python_import,1779900444.1331232,/pyfiles/module_109.py,0,147,irregular,0.5000,0.0000,147,0,,,1,1,0
21,021_adaptive_python_import_run01,adaptive,python_import,1779900444.138057,/pyfiles/module_109.py,147,0,irregular,0.5000,0.0000,0,0,,,1,1,0
21,021_adaptive_python_import_run01,adaptive,python_import,1779900444.1429849,/pyfiles/module_11.py,0,142,irregular,0.5000,0.0000,147,0,,,1,1,0
21,021_adaptive_python_import_run01,adaptive,python_import,1779900444.1469922,/pyfiles/module_11.py,142,0,irregular,0.5000,0.0000,0,0,,,1,1,0
21,021_adaptive_python_import_run01,adaptive,python_import,1779900444.152117,/pyfiles/module_110.py,0,147,irregular,0.5000,0.0000,142,0,,,1,1,0
21,021_adaptive_python_import_run01,adaptive,python_import,1779900444.157089,/pyfiles/module_110.py,147,0,irregular,0.5000,0.0000,0,0,,,1,1,0
21,021_adaptive_python_import_run01,adaptive,python_import,1779900444.162154,/pyfiles/module_111.py,0,147,irregular,0.5000,0.0000,147,0,,,1,1,0
21,021_adaptive_python_import_run01,adaptive,python_import,1779900444.167072,/pyfiles/module_111.py,147,0,irregular,0.5000,0.0000,0,0,,,1,1,0
21,021_adaptive_python_import_run01,adaptive,python_import,1779900444.172069,/pyfiles/module_112.py,0,147,irregular,0.5000,0.0000,147,0,,,1,1,0
21,021_adaptive_python_import_run01,adaptive,python_import,1779900444.17608,/pyfiles/module_112.py,147,0,irregular,0.5000,0.0000,0,0,,,1,1,0
21,021_adaptive_python_import_run01,adaptive,python_import,1779900444.181036,/pyfiles/module_113.py,0,147,irregular,0.5000,0.0000,147,0,,,1,1,0
21,021_adaptive_python_import_run01,adaptive,python_import,1779900444.186062,/pyfiles/module_113.py,147,0,irregular,0.5000,0.0000,0,0,,,1,1,0
21,021_adaptive_python_import_run01,adaptive,python_import,1779900444.1910038,/pyfiles/module_114.py,0,147,irregular,0.5000,0.0000,147,0,,,1,1,0
21,021_adaptive_python_import_run01,adaptive,python_import,1779900444.1950321,/pyfiles/module_114.py,147,0,irregular,0.5000,0.0000,0,0,,,1,1,0
21,021_adaptive_python_import_run01,adaptive,python_import,1779900444.200117,/pyfiles/module_115.py,0,147,irregular,0.5000,0.0000,147,0,,,1,1,0
21,021_adaptive_python_import_run01,adaptive,python_import,1779900444.205066,/pyfiles/module_115.py,147,0,irregular,0.5000,0.0000,0,0,,,1,1,0
21,021_adaptive_python_import_run01,adaptive,python_import,1779900444.210026,/pyfiles/module_116.py,0,147,irregular,0.5000,0.0000,147,0,,,1,1,0
21,021_adaptive_python_import_run01,adaptive,python_import,1779900444.2140381,/pyfiles/module_116.py,147,0,irregular,0.5000,0.0000,0,0,,,1,1,0
21,021_adaptive_python_import_run01,adaptive,python_import,1779900444.219012,/pyfiles/module_117.py,0,147,irregular,0.5000,0.0000,147,0,,,1,1,0
21,021_adaptive_python_import_run01,adaptive,python_import,1779900444.2229419,/pyfiles/module_117.py,147,0,irregular,0.5000,0.0000,0,0,,,1,1,0
21,021_adaptive_python_import_run01,adaptive,python_import,1779900444.233396,/pyfiles/module_118.py,0,147,irregular,0.5000,0.0000,147,0,,,1,1,0
21,021_adaptive_python_import_run01,adaptive,python_import,1779900444.238035,/pyfiles/module_118.py,147,0,irregular,0.5000,0.0000,0,0,,,1,1,0
21,021_adaptive_python_import_run01,adaptive,python_import,1779900444.2429922,/pyfiles/module_119.py,0,147,irregular,0.5000,0.0000,147,0,,,1,1,0
21,021_adaptive_python_import_run01,adaptive,python_import,1779900444.246974,/pyfiles/module_119.py,147,0,irregular,0.5000,0.0000,0,0,,,1,1,0
21,021_adaptive_python_import_run01,adaptive,python_import,1779900444.251939,/pyfiles/module_12.py,0,142,irregular,0.5000,0.0000,147,0,,,1,1,0
21,021_adaptive_python_import_run01,adaptive,python_import,1779900444.25598,/pyfiles/module_12.py,142,0,irregular,0.5000,0.0000,0,0,,,1,1,0
21,021_adaptive_python_import_run01,adaptive,python_import,1779900444.26091,/pyfiles/module_120.py,0,147,irregular,0.5000,0.0000,142,0,,,1,1,0
21,021_adaptive_python_import_run01,adaptive,python_import,1779900444.264865,/pyfiles/module_120.py,147,0,irregular,0.5000,0.0000,0,0,,,1,1,0
21,021_adaptive_python_import_run01,adaptive,python_import,1779900444.268827,/pyfiles/module_121.py,0,147,irregular,0.5000,0.0000,147,0,,,1,1,0
21,021_adaptive_python_import_run01,adaptive,python_import,1779900444.2728162,/pyfiles/module_121.py,147,0,irregular,0.5000,0.0000,0,0,,,1,1,0
21,021_adaptive_python_import_run01,adaptive,python_import,1779900444.2770739,/pyfiles/module_122.py,0,147,irregular,0.5000,0.0000,147,0,,,1,1,0
21,021_adaptive_python_import_run01,adaptive,python_import,1779900444.281923,/pyfiles/module_122.py,147,0,irregular,0.5000,0.0000,0,0,,,1,1,0
21,021_adaptive_python_import_run01,adaptive,python_import,1779900444.2858438,/pyfiles/module_123.py,0,147,irregular,0.5000,0.0000,147,0,,,1,1,0
21,021_adaptive_python_import_run01,adaptive,python_import,1779900444.289842,/pyfiles/module_123.py,147,0,irregular,0.5000,0.0000,0,0,,,1,1,0
21,021_adaptive_python_import_run01,adaptive,python_import,1779900444.29398,/pyfiles/module_124.py,0,147,irregular,0.5000,0.0000,147,0,,,1,1,0
21,021_adaptive_python_import_run01,adaptive,python_import,1779900444.297911,/pyfiles/module_124.py,147,0,irregular,0.5000,0.0000,0,0,,,1,1,0
21,021_adaptive_python_import_run01,adaptive,python_import,1779900444.3021078,/pyfiles/module_125.py,0,147,irregular,0.5000,0.0000,147,0,,,1,1,0
21,021_adaptive_python_import_run01,adaptive,python_import,1779900444.306988,/pyfiles/module_125.py,147,0,irregular,0.5000,0.0000,0,0,,,1,1,0
21,021_adaptive_python_import_run01,adaptive,python_import,1779900444.311119,/pyfiles/module_126.py,0,147,irregular,0.5000,0.0000,147,0,,,1,1,0
21,021_adaptive_python_import_run01,adaptive,python_import,1779900444.3159811,/pyfiles/module_126.py,147,0,irregular,0.5000,0.0000,0,0,,,1,1,0
21,021_adaptive_python_import_run01,adaptive,python_import,1779900444.321013,/pyfiles/module_127.py,0,147,irregular,0.5000,0.0000,147,0,,,1,1,0
21,021_adaptive_python_import_run01,adaptive,python_import,1779900444.3249679,/pyfiles/module_127.py,147,0,irregular,0.5000,0.0000,0,0,,,1,1,0
21,021_adaptive_python_import_run01,adaptive,python_import,1779900444.329024,/pyfiles/module_128.py,0,147,irregular,0.5000,0.0000,147,0,,,1,1,0
21,021_adaptive_python_import_run01,adaptive,python_import,1779900444.333013,/pyfiles/module_128.py,147,0,irregular,0.5000,0.0000,0,0,,,1,1,0
21,021_adaptive_python_import_run01,adaptive,python_import,1779900444.337993,/pyfiles/module_129.py,0,147,irregular,0.5000,0.0000,147,0,,,1,1,0
21,021_adaptive_python_import_run01,adaptive,python_import,1779900444.341952,/pyfiles/module_129.py,147,0,irregular,0.5000,0.0000,0,0,,,1,1,0
21,021_adaptive_python_import_run01,adaptive,python_import,1779900444.346027,/pyfiles/module_13.py,0,142,irregular,0.5000,0.0000,147,0,,,1,1,0
21,021_adaptive_python_import_run01,adaptive,python_import,1779900444.349941,/pyfiles/module_13.py,142,0,irregular,0.5000,0.0000,0,0,,,1,1,0
21,021_adaptive_python_import_run01,adaptive,python_import,1779900444.354056,/pyfiles/module_130.py,0,147,irregular,0.5000,0.0000,142,0,,,1,1,0
21,021_adaptive_python_import_run01,adaptive,python_import,1779900444.357971,/pyfiles/module_130.py,147,0,irregular,0.5000,0.0000,0,0,,,1,1,0
21,021_adaptive_python_import_run01,adaptive,python_import,1779900444.36191,/pyfiles/module_131.py,0,147,irregular,0.5000,0.0000,147,0,,,1,1,0
21,021_adaptive_python_import_run01,adaptive,python_import,1779900444.366039,/pyfiles/module_131.py,147,0,irregular,0.5000,0.0000,0,0,,,1,1,0
21,021_adaptive_python_import_run01,adaptive,python_import,1779900444.3699,/pyfiles/module_132.py,0,147,irregular,0.5000,0.0000,147,0,,,1,1,0
21,021_adaptive_python_import_run01,adaptive,python_import,1779900444.374026,/pyfiles/module_132.py,147,0,irregular,0.5000,0.0000,0,0,,,1,1,0
21,021_adaptive_python_import_run01,adaptive,python_import,1779900444.379026,/pyfiles/module_133.py,0,147,irregular,0.5000,0.0000,147,0,,,1,1,0
21,021_adaptive_python_import_run01,adaptive,python_import,1779900444.3829231,/pyfiles/module_133.py,147,0,irregular,0.5000,0.0000,0,0,,,1,1,0
21,021_adaptive_python_import_run01,adaptive,python_import,1779900444.387018,/pyfiles/module_134.py,0,147,irregular,0.5000,0.0000,147,0,,,1,1,0
21,021_adaptive_python_import_run01,adaptive,python_import,1779900444.3909419,/pyfiles/module_134.py,147,0,irregular,0.5000,0.0000,0,0,,,1,1,0
21,021_adaptive_python_import_run01,adaptive,python_import,1779900444.394913,/pyfiles/module_135.py,0,147,irregular,0.5000,0.0000,147,0,,,1,1,0
21,021_adaptive_python_import_run01,adaptive,python_import,1779900444.399435,/pyfiles/module_135.py,147,0,irregular,0.5000,0.0000,0,0,,,1,1,0
21,021_adaptive_python_import_run01,adaptive,python_import,1779900444.403871,/pyfiles/module_136.py,0,147,irregular,0.5000,0.0000,147,0,,,1,1,0
21,021_adaptive_python_import_run01,adaptive,python_import,1779900444.407873,/pyfiles/module_136.py,147,0,irregular,0.5000,0.0000,0,0,,,1,1,0
21,021_adaptive_python_import_run01,adaptive,python_import,1779900444.411942,/pyfiles/module_137.py,0,147,irregular,0.5000,0.0000,147,0,,,1,1,0
21,021_adaptive_python_import_run01,adaptive,python_import,1779900444.416026,/pyfiles/module_137.py,147,0,irregular,0.5000,0.0000,0,0,,,1,1,0
21,021_adaptive_python_import_run01,adaptive,python_import,1779900444.4210382,/pyfiles/module_138.py,0,147,irregular,0.5000,0.0000,147,0,,,1,1,0
21,021_adaptive_python_import_run01,adaptive,python_import,1779900444.424934,/pyfiles/module_138.py,147,0,irregular,0.5000,0.0000,0,0,,,1,1,0
21,021_adaptive_python_import_run01,adaptive,python_import,1779900444.428997,/pyfiles/module_139.py,0,147,irregular,0.5000,0.0000,147,0,,,1,1,0
21,021_adaptive_python_import_run01,adaptive,python_import,1779900444.432889,/pyfiles/module_139.py,147,0,irregular,0.5000,0.0000,0,0,,,1,1,0
21,021_adaptive_python_import_run01,adaptive,python_import,1779900444.437008,/pyfiles/module_14.py,0,142,irregular,0.5000,0.0000,147,0,,,1,1,0
21,021_adaptive_python_import_run01,adaptive,python_import,1779900444.440973,/pyfiles/module_14.py,142,0,irregular,0.5000,0.0000,0,0,,,1,1,0
21,021_adaptive_python_import_run01,adaptive,python_import,1779900444.444947,/pyfiles/module_140.py,0,147,irregular,0.5000,0.0000,142,0,,,1,1,0
21,021_adaptive_python_import_run01,adaptive,python_import,1779900444.449022,/pyfiles/module_140.py,147,0,irregular,0.5000,0.0000,0,0,,,1,1,0
21,021_adaptive_python_import_run01,adaptive,python_import,1779900444.454029,/pyfiles/module_141.py,0,147,irregular,0.5000,0.0000,147,0,,,1,1,0
21,021_adaptive_python_import_run01,adaptive,python_import,1779900444.457886,/pyfiles/module_141.py,147,0,irregular,0.5000,0.0000,0,0,,,1,1,0
21,021_adaptive_python_import_run01,adaptive,python_import,1779900444.462003,/pyfiles/module_142.py,0,147,irregular,0.5000,0.0000,147,0,,,1,1,0
21,021_adaptive_python_import_run01,adaptive,python_import,1779900444.4660292,/pyfiles/module_142.py,147,0,irregular,0.5000,0.0000,0,0,,,1,1,0
21,021_adaptive_python_import_run01,adaptive,python_import,1779900444.471405,/pyfiles/module_143.py,0,147,irregular,0.5000,0.0000,147,0,,,1,1,0
21,021_adaptive_python_import_run01,adaptive,python_import,1779900444.4760041,/pyfiles/module_143.py,147,0,irregular,0.5000,0.0000,0,0,,,1,1,0
21,021_adaptive_python_import_run01,adaptive,python_import,1779900444.479926,/pyfiles/module_144.py,0,147,irregular,0.5000,0.0000,147,0,,,1,1,0
21,021_adaptive_python_import_run01,adaptive,python_import,1779900444.4839702,/pyfiles/module_144.py,147,0,irregular,0.5000,0.0000,0,0,,,1,1,0
21,021_adaptive_python_import_run01,adaptive,python_import,1779900444.487941,/pyfiles/module_145.py,0,147,irregular,0.5000,0.0000,147,0,,,1,1,0
21,021_adaptive_python_import_run01,adaptive,python_import,1779900444.492012,/pyfiles/module_145.py,147,0,irregular,0.5000,0.0000,0,0,,,1,1,0
21,021_adaptive_python_import_run01,adaptive,python_import,1779900444.496949,/pyfiles/module_146.py,0,147,irregular,0.5000,0.0000,147,0,,,1,1,0
21,021_adaptive_python_import_run01,adaptive,python_import,1779900444.500917,/pyfiles/module_146.py,147,0,irregular,0.5000,0.0000,0,0,,,1,1,0
21,021_adaptive_python_import_run01,adaptive,python_import,1779900444.50494,/pyfiles/module_147.py,0,147,irregular,0.5000,0.0000,147,0,,,1,1,0
21,021_adaptive_python_import_run01,adaptive,python_import,1779900444.509923,/pyfiles/module_147.py,147,0,irregular,0.5000,0.0000,0,0,,,1,1,0
21,021_adaptive_python_import_run01,adaptive,python_import,1779900444.513984,/pyfiles/module_148.py,0,147,irregular,0.5000,0.0000,147,0,,,1,1,0
21,021_adaptive_python_import_run01,adaptive,python_import,1779900444.51789,/pyfiles/module_148.py,147,0,irregular,0.5000,0.0000,0,0,,,1,1,0
21,021_adaptive_python_import_run01,adaptive,python_import,1779900444.521922,/pyfiles/module_149.py,0,147,irregular,0.5000,0.0000,147,0,,,1,1,0
21,021_adaptive_python_import_run01,adaptive,python_import,1779900444.5260391,/pyfiles/module_149.py,147,0,irregular,0.5000,0.0000,0,0,,,1,1,0
21,021_adaptive_python_import_run01,adaptive,python_import,1779900444.530964,/pyfiles/module_15.py,0,142,irregular,0.5000,0.0000,147,0,,,1,1,0
21,021_adaptive_python_import_run01,adaptive,python_import,1779900444.5349472,/pyfiles/module_15.py,142,0,irregular,0.5000,0.0000,0,0,,,1,1,0
21,021_adaptive_python_import_run01,adaptive,python_import,1779900444.5398688,/pyfiles/module_150.py,0,147,irregular,0.5000,0.0000,142,0,,,1,1,0
21,021_adaptive_python_import_run01,adaptive,python_import,1779900444.543788,/pyfiles/module_150.py,147,0,irregular,0.5000,0.0000,0,0,,,1,1,0
21,021_adaptive_python_import_run01,adaptive,python_import,1779900444.5480058,/pyfiles/module_151.py,0,147,irregular,0.5000,0.0000,147,0,,,1,1,0
21,021_adaptive_python_import_run01,adaptive,python_import,1779900444.552119,/pyfiles/module_151.py,147,0,irregular,0.5000,0.0000,0,0,,,1,1,0
21,021_adaptive_python_import_run01,adaptive,python_import,1779900444.55602,/pyfiles/module_152.py,0,147,irregular,0.5000,0.0000,147,0,,,1,1,0
21,021_adaptive_python_import_run01,adaptive,python_import,1779900444.560253,/pyfiles/module_152.py,147,0,irregular,0.5000,0.0000,0,0,,,1,1,0
21,021_adaptive_python_import_run01,adaptive,python_import,1779900444.565136,/pyfiles/module_153.py,0,147,irregular,0.5000,0.0000,147,0,,,1,1,0
21,021_adaptive_python_import_run01,adaptive,python_import,1779900444.56998,/pyfiles/module_153.py,147,0,irregular,0.5000,0.0000,0,0,,,1,1,0
21,021_adaptive_python_import_run01,adaptive,python_import,1779900444.5748658,/pyfiles/module_154.py,0,147,irregular,0.5000,0.0000,147,0,,,1,1,0
21,021_adaptive_python_import_run01,adaptive,python_import,1779900444.579082,/pyfiles/module_154.py,147,0,irregular,0.5000,0.0000,0,0,,,1,1,0
21,021_adaptive_python_import_run01,adaptive,python_import,1779900444.584049,/pyfiles/module_155.py,0,147,irregular,0.5000,0.0000,147,0,,,1,1,0
21,021_adaptive_python_import_run01,adaptive,python_import,1779900444.588181,/pyfiles/module_155.py,147,0,irregular,0.5000,0.0000,0,0,,,1,1,0
21,021_adaptive_python_import_run01,adaptive,python_import,1779900444.593005,/pyfiles/module_156.py,0,147,irregular,0.5000,0.0000,147,0,,,1,1,0
21,021_adaptive_python_import_run01,adaptive,python_import,1779900444.5970619,/pyfiles/module_156.py,147,0,irregular,0.5000,0.0000,0,0,,,1,1,0
21,021_adaptive_python_import_run01,adaptive,python_import,1779900444.602041,/pyfiles/module_157.py,0,147,irregular,0.5000,0.0000,147,0,,,1,1,0
21,021_adaptive_python_import_run01,adaptive,python_import,1779900444.607079,/pyfiles/module_157.py,147,0,irregular,0.5000,0.0000,0,0,,,1,1,0
21,021_adaptive_python_import_run01,adaptive,python_import,1779900444.6120331,/pyfiles/module_158.py,0,147,irregular,0.5000,0.0000,147,0,,,1,1,0
21,021_adaptive_python_import_run01,adaptive,python_import,1779900444.6159658,/pyfiles/module_158.py,147,0,irregular,0.5000,0.0000,0,0,,,1,1,0
21,021_adaptive_python_import_run01,adaptive,python_import,1779900444.6209788,/pyfiles/module_159.py,0,147,irregular,0.5000,0.0000,147,0,,,1,1,0
21,021_adaptive_python_import_run01,adaptive,python_import,1779900444.624962,/pyfiles/module_159.py,147,0,irregular,0.5000,0.0000,0,0,,,1,1,0
21,021_adaptive_python_import_run01,adaptive,python_import,1779900444.628962,/pyfiles/module_16.py,0,142,irregular,0.5000,0.0000,147,0,,,1,1,0
21,021_adaptive_python_import_run01,adaptive,python_import,1779900444.632988,/pyfiles/module_16.py,142,0,irregular,0.5000,0.0000,0,0,,,1,1,0
21,021_adaptive_python_import_run01,adaptive,python_import,1779900444.636883,/pyfiles/module_160.py,0,147,irregular,0.5000,0.0000,142,0,,,1,1,0
21,021_adaptive_python_import_run01,adaptive,python_import,1779900444.640175,/pyfiles/module_160.py,147,0,irregular,0.5000,0.0000,0,0,,,1,1,0
21,021_adaptive_python_import_run01,adaptive,python_import,1779900444.645055,/pyfiles/module_161.py,0,147,irregular,0.5000,0.0000,147,0,,,1,1,0
21,021_adaptive_python_import_run01,adaptive,python_import,1779900444.648928,/pyfiles/module_161.py,147,0,irregular,0.5000,0.0000,0,0,,,1,1,0
21,021_adaptive_python_import_run01,adaptive,python_import,1779900444.652925,/pyfiles/module_162.py,0,147,irregular,0.5000,0.0000,147,0,,,1,1,0
21,021_adaptive_python_import_run01,adaptive,python_import,1779900444.6568599,/pyfiles/module_162.py,147,0,irregular,0.5000,0.0000,0,0,,,1,1,0
21,021_adaptive_python_import_run01,adaptive,python_import,1779900444.660886,/pyfiles/module_163.py,0,147,irregular,0.5000,0.0000,147,0,,,1,1,0
21,021_adaptive_python_import_run01,adaptive,python_import,1779900444.665032,/pyfiles/module_163.py,147,0,irregular,0.5000,0.0000,0,0,,,1,1,0
21,021_adaptive_python_import_run01,adaptive,python_import,1779900444.6688871,/pyfiles/module_164.py,0,147,irregular,0.5000,0.0000,147,0,,,1,1,0
21,021_adaptive_python_import_run01,adaptive,python_import,1779900444.672889,/pyfiles/module_164.py,147,0,irregular,0.5000,0.0000,0,0,,,1,1,0
21,021_adaptive_python_import_run01,adaptive,python_import,1779900444.676985,/pyfiles/module_165.py,0,147,irregular,0.5000,0.0000,147,0,,,1,1,0
21,021_adaptive_python_import_run01,adaptive,python_import,1779900444.6808388,/pyfiles/module_165.py,147,0,irregular,0.5000,0.0000,0,0,,,1,1,0
21,021_adaptive_python_import_run01,adaptive,python_import,1779900444.68493,/pyfiles/module_166.py,0,147,irregular,0.5000,0.0000,147,0,,,1,1,0
21,021_adaptive_python_import_run01,adaptive,python_import,1779900444.688861,/pyfiles/module_166.py,147,0,irregular,0.5000,0.0000,0,0,,,1,1,0
21,021_adaptive_python_import_run01,adaptive,python_import,1779900444.692852,/pyfiles/module_167.py,0,147,irregular,0.5000,0.0000,147,0,,,1,1,0
21,021_adaptive_python_import_run01,adaptive,python_import,1779900444.696857,/pyfiles/module_167.py,147,0,irregular,0.5000,0.0000,0,0,,,1,1,0
21,021_adaptive_python_import_run01,adaptive,python_import,1779900444.700769,/pyfiles/module_168.py,0,147,irregular,0.5000,0.0000,147,0,,,1,1,0
21,021_adaptive_python_import_run01,adaptive,python_import,1779900444.704813,/pyfiles/module_168.py,147,0,irregular,0.5000,0.0000,0,0,,,1,1,0
21,021_adaptive_python_import_run01,adaptive,python_import,1779900444.7089338,/pyfiles/module_169.py,0,147,irregular,0.5000,0.0000,147,0,,,1,1,0
21,021_adaptive_python_import_run01,adaptive,python_import,1779900444.7128582,/pyfiles/module_169.py,147,0,irregular,0.5000,0.0000,0,0,,,1,1,0
21,021_adaptive_python_import_run01,adaptive,python_import,1779900444.717006,/pyfiles/module_17.py,0,142,irregular,0.5000,0.0000,147,0,,,1,1,0
21,021_adaptive_python_import_run01,adaptive,python_import,1779900444.7208068,/pyfiles/module_17.py,142,0,irregular,0.5000,0.0000,0,0,,,1,1,0
21,021_adaptive_python_import_run01,adaptive,python_import,1779900444.7247722,/pyfiles/module_170.py,0,147,irregular,0.5000,0.0000,142,0,,,1,1,0
21,021_adaptive_python_import_run01,adaptive,python_import,1779900444.728862,/pyfiles/module_170.py,147,0,irregular,0.5000,0.0000,0,0,,,1,1,0
21,021_adaptive_python_import_run01,adaptive,python_import,1779900444.732922,/pyfiles/module_171.py,0,147,irregular,0.5000,0.0000,147,0,,,1,1,0
21,021_adaptive_python_import_run01,adaptive,python_import,1779900444.7368672,/pyfiles/module_171.py,147,0,irregular,0.5000,0.0000,0,0,,,1,1,0
21,021_adaptive_python_import_run01,adaptive,python_import,1779900444.740926,/pyfiles/module_172.py,0,147,irregular,0.5000,0.0000,147,0,,,1,1,0
21,021_adaptive_python_import_run01,adaptive,python_import,1779900444.7448058,/pyfiles/module_172.py,147,0,irregular,0.5000,0.0000,0,0,,,1,1,0
21,021_adaptive_python_import_run01,adaptive,python_import,1779900444.74888,/pyfiles/module_173.py,0,147,irregular,0.5000,0.0000,147,0,,,1,1,0
21,021_adaptive_python_import_run01,adaptive,python_import,1779900444.752853,/pyfiles/module_173.py,147,0,irregular,0.5000,0.0000,0,0,,,1,1,0
21,021_adaptive_python_import_run01,adaptive,python_import,1779900444.756769,/pyfiles/module_174.py,0,147,irregular,0.5000,0.0000,147,0,,,1,1,0
21,021_adaptive_python_import_run01,adaptive,python_import,1779900444.760923,/pyfiles/module_174.py,147,0,irregular,0.5000,0.0000,0,0,,,1,1,0
21,021_adaptive_python_import_run01,adaptive,python_import,1779900444.764936,/pyfiles/module_175.py,0,147,irregular,0.5000,0.0000,147,0,,,1,1,0
21,021_adaptive_python_import_run01,adaptive,python_import,1779900444.768926,/pyfiles/module_175.py,147,0,irregular,0.5000,0.0000,0,0,,,1,1,0
21,021_adaptive_python_import_run01,adaptive,python_import,1779900444.772893,/pyfiles/module_176.py,0,147,irregular,0.5000,0.0000,147,0,,,1,1,0
21,021_adaptive_python_import_run01,adaptive,python_import,1779900444.7767959,/pyfiles/module_176.py,147,0,irregular,0.5000,0.0000,0,0,,,1,1,0
21,021_adaptive_python_import_run01,adaptive,python_import,1779900444.780937,/pyfiles/module_177.py,0,147,irregular,0.5000,0.0000,147,0,,,1,1,0
21,021_adaptive_python_import_run01,adaptive,python_import,1779900444.784956,/pyfiles/module_177.py,147,0,irregular,0.5000,0.0000,0,0,,,1,1,0
21,021_adaptive_python_import_run01,adaptive,python_import,1779900444.788783,/pyfiles/module_178.py,0,147,irregular,0.5000,0.0000,147,0,,,1,1,0
21,021_adaptive_python_import_run01,adaptive,python_import,1779900444.79288,/pyfiles/module_178.py,147,0,irregular,0.5000,0.0000,0,0,,,1,1,0
21,021_adaptive_python_import_run01,adaptive,python_import,1779900444.796748,/pyfiles/module_179.py,0,147,irregular,0.5000,0.0000,147,0,,,1,1,0
21,021_adaptive_python_import_run01,adaptive,python_import,1779900444.800954,/pyfiles/module_179.py,147,0,irregular,0.5000,0.0000,0,0,,,1,1,0
21,021_adaptive_python_import_run01,adaptive,python_import,1779900444.804908,/pyfiles/module_18.py,0,142,irregular,0.5000,0.0000,147,0,,,1,1,0
21,021_adaptive_python_import_run01,adaptive,python_import,1779900444.808827,/pyfiles/module_18.py,142,0,irregular,0.5000,0.0000,0,0,,,1,1,0
21,021_adaptive_python_import_run01,adaptive,python_import,1779900444.812843,/pyfiles/module_180.py,0,147,irregular,0.5000,0.0000,142,0,,,1,1,0
21,021_adaptive_python_import_run01,adaptive,python_import,1779900444.8168929,/pyfiles/module_180.py,147,0,irregular,0.5000,0.0000,0,0,,,1,1,0
21,021_adaptive_python_import_run01,adaptive,python_import,1779900444.820839,/pyfiles/module_181.py,0,147,irregular,0.5000,0.0000,147,0,,,1,1,0
21,021_adaptive_python_import_run01,adaptive,python_import,1779900444.8248472,/pyfiles/module_181.py,147,0,irregular,0.5000,0.0000,0,0,,,1,1,0
21,021_adaptive_python_import_run01,adaptive,python_import,1779900444.8288388,/pyfiles/module_182.py,0,147,irregular,0.5000,0.0000,147,0,,,1,1,0
21,021_adaptive_python_import_run01,adaptive,python_import,1779900444.832793,/pyfiles/module_182.py,147,0,irregular,0.5000,0.0000,0,0,,,1,1,0
21,021_adaptive_python_import_run01,adaptive,python_import,1779900444.836865,/pyfiles/module_183.py,0,147,irregular,0.5000,0.0000,147,0,,,1,1,0
21,021_adaptive_python_import_run01,adaptive,python_import,1779900444.840777,/pyfiles/module_183.py,147,0,irregular,0.5000,0.0000,0,0,,,1,1,0
21,021_adaptive_python_import_run01,adaptive,python_import,1779900444.844852,/pyfiles/module_184.py,0,147,irregular,0.5000,0.0000,147,0,,,1,1,0
21,021_adaptive_python_import_run01,adaptive,python_import,1779900444.848752,/pyfiles/module_184.py,147,0,irregular,0.5000,0.0000,0,0,,,1,1,0
21,021_adaptive_python_import_run01,adaptive,python_import,1779900444.852725,/pyfiles/module_185.py,0,147,irregular,0.5000,0.0000,147,0,,,1,1,0
21,021_adaptive_python_import_run01,adaptive,python_import,1779900444.856777,/pyfiles/module_185.py,147,0,irregular,0.5000,0.0000,0,0,,,1,1,0
21,021_adaptive_python_import_run01,adaptive,python_import,1779900444.8608809,/pyfiles/module_186.py,0,147,irregular,0.5000,0.0000,147,0,,,1,1,0
21,021_adaptive_python_import_run01,adaptive,python_import,1779900444.864989,/pyfiles/module_186.py,147,0,irregular,0.5000,0.0000,0,0,,,1,1,0
21,021_adaptive_python_import_run01,adaptive,python_import,1779900444.868926,/pyfiles/module_187.py,0,147,irregular,0.5000,0.0000,147,0,,,1,1,0
21,021_adaptive_python_import_run01,adaptive,python_import,1779900444.87274,/pyfiles/module_187.py,147,0,irregular,0.5000,0.0000,0,0,,,1,1,0
21,021_adaptive_python_import_run01,adaptive,python_import,1779900444.8769112,/pyfiles/module_188.py,0,147,irregular,0.5000,0.0000,147,0,,,1,1,0
21,021_adaptive_python_import_run01,adaptive,python_import,1779900444.8808389,/pyfiles/module_188.py,147,0,irregular,0.5000,0.0000,0,0,,,1,1,0
21,021_adaptive_python_import_run01,adaptive,python_import,1779900444.885868,/pyfiles/module_189.py,0,147,irregular,0.5000,0.0000,147,0,,,1,1,0
21,021_adaptive_python_import_run01,adaptive,python_import,1779900444.889853,/pyfiles/module_189.py,147,0,irregular,0.5000,0.0000,0,0,,,1,1,0
21,021_adaptive_python_import_run01,adaptive,python_import,1779900444.8938591,/pyfiles/module_19.py,0,142,irregular,0.5000,0.0000,147,0,,,1,1,0
21,021_adaptive_python_import_run01,adaptive,python_import,1779900444.897853,/pyfiles/module_19.py,142,0,irregular,0.5000,0.0000,0,0,,,1,1,0
21,021_adaptive_python_import_run01,adaptive,python_import,1779900444.9032278,/pyfiles/module_190.py,0,147,irregular,0.5000,0.0000,142,0,,,1,1,0
21,021_adaptive_python_import_run01,adaptive,python_import,1779900444.9067829,/pyfiles/module_190.py,147,0,irregular,0.5000,0.0000,0,0,,,1,1,0
21,021_adaptive_python_import_run01,adaptive,python_import,1779900444.91088,/pyfiles/module_191.py,0,147,irregular,0.5000,0.0000,147,0,,,1,1,0
21,021_adaptive_python_import_run01,adaptive,python_import,1779900444.914795,/pyfiles/module_191.py,147,0,irregular,0.5000,0.0000,0,0,,,1,1,0
21,021_adaptive_python_import_run01,adaptive,python_import,1779900444.918933,/pyfiles/module_192.py,0,147,irregular,0.5000,0.0000,147,0,,,1,1,0
21,021_adaptive_python_import_run01,adaptive,python_import,1779900444.922901,/pyfiles/module_192.py,147,0,irregular,0.5000,0.0000,0,0,,,1,1,0
21,021_adaptive_python_import_run01,adaptive,python_import,1779900444.926796,/pyfiles/module_193.py,0,147,irregular,0.5000,0.0000,147,0,,,1,1,0
21,021_adaptive_python_import_run01,adaptive,python_import,1779900444.930882,/pyfiles/module_193.py,147,0,irregular,0.5000,0.0000,0,0,,,1,1,0
21,021_adaptive_python_import_run01,adaptive,python_import,1779900444.934975,/pyfiles/module_194.py,0,147,irregular,0.5000,0.0000,147,0,,,1,1,0
21,021_adaptive_python_import_run01,adaptive,python_import,1779900444.9387789,/pyfiles/module_194.py,147,0,irregular,0.5000,0.0000,0,0,,,1,1,0
21,021_adaptive_python_import_run01,adaptive,python_import,1779900444.942941,/pyfiles/module_195.py,0,147,irregular,0.5000,0.0000,147,0,,,1,1,0
21,021_adaptive_python_import_run01,adaptive,python_import,1779900444.946729,/pyfiles/module_195.py,147,0,irregular,0.5000,0.0000,0,0,,,1,1,0
21,021_adaptive_python_import_run01,adaptive,python_import,1779900444.951024,/pyfiles/module_196.py,0,147,irregular,0.5000,0.0000,147,0,,,1,1,0
21,021_adaptive_python_import_run01,adaptive,python_import,1779900444.954775,/pyfiles/module_196.py,147,0,irregular,0.5000,0.0000,0,0,,,1,1,0
21,021_adaptive_python_import_run01,adaptive,python_import,1779900444.958806,/pyfiles/module_197.py,0,147,irregular,0.5000,0.0000,147,0,,,1,1,0
21,021_adaptive_python_import_run01,adaptive,python_import,1779900444.9628842,/pyfiles/module_197.py,147,0,irregular,0.5000,0.0000,0,0,,,1,1,0
21,021_adaptive_python_import_run01,adaptive,python_import,1779900444.96702,/pyfiles/module_198.py,0,147,irregular,0.5000,0.0000,147,0,,,1,1,0
21,021_adaptive_python_import_run01,adaptive,python_import,1779900444.9707751,/pyfiles/module_198.py,147,0,irregular,0.5000,0.0000,0,0,,,1,1,0
21,021_adaptive_python_import_run01,adaptive,python_import,1779900444.974736,/pyfiles/module_199.py,0,147,irregular,0.5000,0.0000,147,0,,,1,1,0
21,021_adaptive_python_import_run01,adaptive,python_import,1779900444.978883,/pyfiles/module_199.py,147,0,irregular,0.5000,0.0000,0,0,,,1,1,0
21,021_adaptive_python_import_run01,adaptive,python_import,1779900444.982831,/pyfiles/module_2.py,0,137,irregular,0.5000,0.0000,147,0,,,1,1,0
21,021_adaptive_python_import_run01,adaptive,python_import,1779900444.986922,/pyfiles/module_2.py,137,0,irregular,0.5000,0.0000,0,0,,,1,1,0
21,021_adaptive_python_import_run01,adaptive,python_import,1779900444.99087,/pyfiles/module_20.py,0,142,irregular,0.5000,0.0000,137,0,,,1,1,0
21,021_adaptive_python_import_run01,adaptive,python_import,1779900444.9948978,/pyfiles/module_20.py,142,0,irregular,0.5000,0.0000,0,0,,,1,1,0
21,021_adaptive_python_import_run01,adaptive,python_import,1779900444.99884,/pyfiles/module_200.py,0,147,irregular,0.5000,0.0000,142,0,,,1,1,0
21,021_adaptive_python_import_run01,adaptive,python_import,1779900445.004236,/pyfiles/module_200.py,147,0,irregular,0.5000,0.0000,0,0,,,1,1,0
21,021_adaptive_python_import_run01,adaptive,python_import,1779900445.008887,/pyfiles/module_21.py,0,142,irregular,0.5000,0.0000,147,0,,,1,1,0
21,021_adaptive_python_import_run01,adaptive,python_import,1779900445.012723,/pyfiles/module_21.py,142,0,irregular,0.5000,0.0000,0,0,,,1,1,0
21,021_adaptive_python_import_run01,adaptive,python_import,1779900445.016917,/pyfiles/module_22.py,0,142,irregular,0.5000,0.0000,142,0,,,1,1,0
21,021_adaptive_python_import_run01,adaptive,python_import,1779900445.02088,/pyfiles/module_22.py,142,0,irregular,0.5000,0.0000,0,0,,,1,1,0
21,021_adaptive_python_import_run01,adaptive,python_import,1779900445.0249012,/pyfiles/module_23.py,0,142,irregular,0.5000,0.0000,142,0,,,1,1,0
21,021_adaptive_python_import_run01,adaptive,python_import,1779900445.0288918,/pyfiles/module_23.py,142,0,irregular,0.5000,0.0000,0,0,,,1,1,0
21,021_adaptive_python_import_run01,adaptive,python_import,1779900445.032873,/pyfiles/module_24.py,0,142,irregular,0.5000,0.0000,142,0,,,1,1,0
21,021_adaptive_python_import_run01,adaptive,python_import,1779900445.036991,/pyfiles/module_24.py,142,0,irregular,0.5000,0.0000,0,0,,,1,1,0
21,021_adaptive_python_import_run01,adaptive,python_import,1779900445.041888,/pyfiles/module_25.py,0,142,irregular,0.5000,0.0000,142,0,,,1,1,0
21,021_adaptive_python_import_run01,adaptive,python_import,1779900445.0458019,/pyfiles/module_25.py,142,0,irregular,0.5000,0.0000,0,0,,,1,1,0
21,021_adaptive_python_import_run01,adaptive,python_import,1779900445.049983,/pyfiles/module_26.py,0,142,irregular,0.5000,0.0000,142,0,,,1,1,0
21,021_adaptive_python_import_run01,adaptive,python_import,1779900445.0538812,/pyfiles/module_26.py,142,0,irregular,0.5000,0.0000,0,0,,,1,1,0
21,021_adaptive_python_import_run01,adaptive,python_import,1779900445.057929,/pyfiles/module_27.py,0,142,irregular,0.5000,0.0000,142,0,,,1,1,0
21,021_adaptive_python_import_run01,adaptive,python_import,1779900445.061863,/pyfiles/module_27.py,142,0,irregular,0.5000,0.0000,0,0,,,1,1,0
21,021_adaptive_python_import_run01,adaptive,python_import,1779900445.065894,/pyfiles/module_28.py,0,142,irregular,0.5000,0.0000,142,0,,,1,1,0
21,021_adaptive_python_import_run01,adaptive,python_import,1779900445.069912,/pyfiles/module_28.py,142,0,irregular,0.5000,0.0000,0,0,,,1,1,0
21,021_adaptive_python_import_run01,adaptive,python_import,1779900445.073935,/pyfiles/module_29.py,0,142,irregular,0.5000,0.0000,142,0,,,1,1,0
21,021_adaptive_python_import_run01,adaptive,python_import,1779900445.0779111,/pyfiles/module_29.py,142,0,irregular,0.5000,0.0000,0,0,,,1,1,0
21,021_adaptive_python_import_run01,adaptive,python_import,1779900445.082902,/pyfiles/module_3.py,0,137,irregular,0.5000,0.0000,142,0,,,1,1,0
21,021_adaptive_python_import_run01,adaptive,python_import,1779900445.086911,/pyfiles/module_3.py,137,0,irregular,0.5000,0.0000,0,0,,,1,1,0
21,021_adaptive_python_import_run01,adaptive,python_import,1779900445.091908,/pyfiles/module_30.py,0,142,irregular,0.5000,0.0000,137,0,,,1,1,0
21,021_adaptive_python_import_run01,adaptive,python_import,1779900445.095865,/pyfiles/module_30.py,142,0,irregular,0.5000,0.0000,0,0,,,1,1,0
21,021_adaptive_python_import_run01,adaptive,python_import,1779900445.0997682,/pyfiles/module_31.py,0,142,irregular,0.5000,0.0000,142,0,,,1,1,0
21,021_adaptive_python_import_run01,adaptive,python_import,1779900445.103808,/pyfiles/module_31.py,142,0,irregular,0.5000,0.0000,0,0,,,1,1,0
21,021_adaptive_python_import_run01,adaptive,python_import,1779900445.10792,/pyfiles/module_32.py,0,142,irregular,0.5000,0.0000,142,0,,,1,1,0
21,021_adaptive_python_import_run01,adaptive,python_import,1779900445.111901,/pyfiles/module_32.py,142,0,irregular,0.5000,0.0000,0,0,,,1,1,0
21,021_adaptive_python_import_run01,adaptive,python_import,1779900445.117023,/pyfiles/module_33.py,0,142,irregular,0.5000,0.0000,142,0,,,1,1,0
21,021_adaptive_python_import_run01,adaptive,python_import,1779900445.120907,/pyfiles/module_33.py,142,0,irregular,0.5000,0.0000,0,0,,,1,1,0
21,021_adaptive_python_import_run01,adaptive,python_import,1779900445.124845,/pyfiles/module_34.py,0,142,irregular,0.5000,0.0000,142,0,,,1,1,0
21,021_adaptive_python_import_run01,adaptive,python_import,1779900445.128858,/pyfiles/module_34.py,142,0,irregular,0.5000,0.0000,0,0,,,1,1,0
21,021_adaptive_python_import_run01,adaptive,python_import,1779900445.132928,/pyfiles/module_35.py,0,142,irregular,0.5000,0.0000,142,0,,,1,1,0
21,021_adaptive_python_import_run01,adaptive,python_import,1779900445.136962,/pyfiles/module_35.py,142,0,irregular,0.5000,0.0000,0,0,,,1,1,0
21,021_adaptive_python_import_run01,adaptive,python_import,1779900445.141938,/pyfiles/module_36.py,0,142,irregular,0.5000,0.0000,142,0,,,1,1,0
21,021_adaptive_python_import_run01,adaptive,python_import,1779900445.1459389,/pyfiles/module_36.py,142,0,irregular,0.5000,0.0000,0,0,,,1,1,0
21,021_adaptive_python_import_run01,adaptive,python_import,1779900445.1511848,/pyfiles/module_37.py,0,142,irregular,0.5000,0.0000,142,0,,,1,1,0
21,021_adaptive_python_import_run01,adaptive,python_import,1779900445.156033,/pyfiles/module_37.py,142,0,irregular,0.5000,0.0000,0,0,,,1,1,0
21,021_adaptive_python_import_run01,adaptive,python_import,1779900445.160937,/pyfiles/module_38.py,0,142,irregular,0.5000,0.0000,142,0,,,1,1,0
21,021_adaptive_python_import_run01,adaptive,python_import,1779900445.165151,/pyfiles/module_38.py,142,0,irregular,0.5000,0.0000,0,0,,,1,1,0
21,021_adaptive_python_import_run01,adaptive,python_import,1779900445.170013,/pyfiles/module_39.py,0,142,irregular,0.5000,0.0000,142,0,,,1,1,0
21,021_adaptive_python_import_run01,adaptive,python_import,1779900445.173849,/pyfiles/module_39.py,142,0,irregular,0.5000,0.0000,0,0,,,1,1,0
21,021_adaptive_python_import_run01,adaptive,python_import,1779900445.177944,/pyfiles/module_4.py,0,137,irregular,0.5000,0.0000,142,0,,,1,1,0
21,021_adaptive_python_import_run01,adaptive,python_import,1779900445.181845,/pyfiles/module_4.py,137,0,irregular,0.5000,0.0000,0,0,,,1,1,0
21,021_adaptive_python_import_run01,adaptive,python_import,1779900445.185997,/pyfiles/module_40.py,0,142,irregular,0.5000,0.0000,137,0,,,1,1,0
21,021_adaptive_python_import_run01,adaptive,python_import,1779900445.1899369,/pyfiles/module_40.py,142,0,irregular,0.5000,0.0000,0,0,,,1,1,0
21,021_adaptive_python_import_run01,adaptive,python_import,1779900445.194981,/pyfiles/module_41.py,0,142,irregular,0.5000,0.0000,142,0,,,1,1,0
21,021_adaptive_python_import_run01,adaptive,python_import,1779900445.199031,/pyfiles/module_41.py,142,0,irregular,0.5000,0.0000,0,0,,,1,1,0
21,021_adaptive_python_import_run01,adaptive,python_import,1779900445.203995,/pyfiles/module_42.py,0,142,irregular,0.5000,0.0000,142,0,,,1,1,0
21,021_adaptive_python_import_run01,adaptive,python_import,1779900445.2080798,/pyfiles/module_42.py,142,0,irregular,0.5000,0.0000,0,0,,,1,1,0
21,021_adaptive_python_import_run01,adaptive,python_import,1779900445.213011,/pyfiles/module_43.py,0,142,irregular,0.5000,0.0000,142,0,,,1,1,0
21,021_adaptive_python_import_run01,adaptive,python_import,1779900445.217194,/pyfiles/module_43.py,142,0,irregular,0.5000,0.0000,0,0,,,1,1,0
21,021_adaptive_python_import_run01,adaptive,python_import,1779900445.222327,/pyfiles/module_44.py,0,142,irregular,0.5000,0.0000,142,0,,,1,1,0
21,021_adaptive_python_import_run01,adaptive,python_import,1779900445.2284281,/pyfiles/module_44.py,142,0,irregular,0.5000,0.0000,0,0,,,1,1,0
21,021_adaptive_python_import_run01,adaptive,python_import,1779900445.235147,/pyfiles/module_45.py,0,142,irregular,0.5000,0.0000,142,0,,,1,1,0
21,021_adaptive_python_import_run01,adaptive,python_import,1779900445.239048,/pyfiles/module_45.py,142,0,irregular,0.5000,0.0000,0,0,,,1,1,0
21,021_adaptive_python_import_run01,adaptive,python_import,1779900445.244021,/pyfiles/module_46.py,0,142,irregular,0.5000,0.0000,142,0,,,1,1,0
21,021_adaptive_python_import_run01,adaptive,python_import,1779900445.2480042,/pyfiles/module_46.py,142,0,irregular,0.5000,0.0000,0,0,,,1,1,0
21,021_adaptive_python_import_run01,adaptive,python_import,1779900445.253061,/pyfiles/module_47.py,0,142,irregular,0.5000,0.0000,142,0,,,1,1,0
21,021_adaptive_python_import_run01,adaptive,python_import,1779900445.257986,/pyfiles/module_47.py,142,0,irregular,0.5000,0.0000,0,0,,,1,1,0
21,021_adaptive_python_import_run01,adaptive,python_import,1779900445.2630951,/pyfiles/module_48.py,0,142,irregular,0.5000,0.0000,142,0,,,1,1,0
21,021_adaptive_python_import_run01,adaptive,python_import,1779900445.2682502,/pyfiles/module_48.py,142,0,irregular,0.5000,0.0000,0,0,,,1,1,0
21,021_adaptive_python_import_run01,adaptive,python_import,1779900445.272964,/pyfiles/module_49.py,0,142,irregular,0.5000,0.0000,142,0,,,1,1,0
21,021_adaptive_python_import_run01,adaptive,python_import,1779900445.276949,/pyfiles/module_49.py,142,0,irregular,0.5000,0.0000,0,0,,,1,1,0
21,021_adaptive_python_import_run01,adaptive,python_import,1779900445.2823591,/pyfiles/module_5.py,0,137,irregular,0.5000,0.0000,142,0,,,1,1,0
21,021_adaptive_python_import_run01,adaptive,python_import,1779900445.286857,/pyfiles/module_5.py,137,0,irregular,0.5000,0.0000,0,0,,,1,1,0
21,021_adaptive_python_import_run01,adaptive,python_import,1779900445.2907689,/pyfiles/module_50.py,0,142,irregular,0.5000,0.0000,137,0,,,1,1,0
21,021_adaptive_python_import_run01,adaptive,python_import,1779900445.294833,/pyfiles/module_50.py,142,0,irregular,0.5000,0.0000,0,0,,,1,1,0
21,021_adaptive_python_import_run01,adaptive,python_import,1779900445.2989829,/pyfiles/module_51.py,0,142,irregular,0.5000,0.0000,142,0,,,1,1,0
21,021_adaptive_python_import_run01,adaptive,python_import,1779900445.303006,/pyfiles/module_51.py,142,0,irregular,0.5000,0.0000,0,0,,,1,1,0
21,021_adaptive_python_import_run01,adaptive,python_import,1779900445.3081012,/pyfiles/module_52.py,0,142,irregular,0.5000,0.0000,142,0,,,1,1,0
21,021_adaptive_python_import_run01,adaptive,python_import,1779900445.313067,/pyfiles/module_52.py,142,0,irregular,0.5000,0.0000,0,0,,,1,1,0
21,021_adaptive_python_import_run01,adaptive,python_import,1779900445.31809,/pyfiles/module_53.py,0,142,irregular,0.5000,0.0000,142,0,,,1,1,0
21,021_adaptive_python_import_run01,adaptive,python_import,1779900445.322936,/pyfiles/module_53.py,142,0,irregular,0.5000,0.0000,0,0,,,1,1,0
21,021_adaptive_python_import_run01,adaptive,python_import,1779900445.327936,/pyfiles/module_54.py,0,142,irregular,0.5000,0.0000,142,0,,,1,1,0
21,021_adaptive_python_import_run01,adaptive,python_import,1779900445.331928,/pyfiles/module_54.py,142,0,irregular,0.5000,0.0000,0,0,,,1,1,0
21,021_adaptive_python_import_run01,adaptive,python_import,1779900445.339037,/pyfiles/module_55.py,0,142,irregular,0.5000,0.0000,142,0,,,1,1,0
21,021_adaptive_python_import_run01,adaptive,python_import,1779900445.3429692,/pyfiles/module_55.py,142,0,irregular,0.5000,0.0000,0,0,,,1,1,0
21,021_adaptive_python_import_run01,adaptive,python_import,1779900445.348015,/pyfiles/module_56.py,0,142,irregular,0.5000,0.0000,142,0,,,1,1,0
21,021_adaptive_python_import_run01,adaptive,python_import,1779900445.3529458,/pyfiles/module_56.py,142,0,irregular,0.5000,0.0000,0,0,,,1,1,0
21,021_adaptive_python_import_run01,adaptive,python_import,1779900445.3579662,/pyfiles/module_57.py,0,142,irregular,0.5000,0.0000,142,0,,,1,1,0
21,021_adaptive_python_import_run01,adaptive,python_import,1779900445.362965,/pyfiles/module_57.py,142,0,irregular,0.5000,0.0000,0,0,,,1,1,0
21,021_adaptive_python_import_run01,adaptive,python_import,1779900445.36819,/pyfiles/module_58.py,0,142,irregular,0.5000,0.0000,142,0,,,1,1,0
21,021_adaptive_python_import_run01,adaptive,python_import,1779900445.372983,/pyfiles/module_58.py,142,0,irregular,0.5000,0.0000,0,0,,,1,1,0
21,021_adaptive_python_import_run01,adaptive,python_import,1779900445.3781052,/pyfiles/module_59.py,0,142,irregular,0.5000,0.0000,142,0,,,1,1,0
21,021_adaptive_python_import_run01,adaptive,python_import,1779900445.382981,/pyfiles/module_59.py,142,0,irregular,0.5000,0.0000,0,0,,,1,1,0
21,021_adaptive_python_import_run01,adaptive,python_import,1779900445.3879418,/pyfiles/module_6.py,0,137,irregular,0.5000,0.0000,142,0,,,1,1,0
21,021_adaptive_python_import_run01,adaptive,python_import,1779900445.392051,/pyfiles/module_6.py,137,0,irregular,0.5000,0.0000,0,0,,,1,1,0
21,021_adaptive_python_import_run01,adaptive,python_import,1779900445.396917,/pyfiles/module_60.py,0,142,irregular,0.5000,0.0000,137,0,,,1,1,0
21,021_adaptive_python_import_run01,adaptive,python_import,1779900445.402189,/pyfiles/module_60.py,142,0,irregular,0.5000,0.0000,0,0,,,1,1,0
21,021_adaptive_python_import_run01,adaptive,python_import,1779900445.406995,/pyfiles/module_61.py,0,142,irregular,0.5000,0.0000,142,0,,,1,1,0
21,021_adaptive_python_import_run01,adaptive,python_import,1779900445.410975,/pyfiles/module_61.py,142,0,irregular,0.5000,0.0000,0,0,,,1,1,0
21,021_adaptive_python_import_run01,adaptive,python_import,1779900445.4160378,/pyfiles/module_62.py,0,142,irregular,0.5000,0.0000,142,0,,,1,1,0
21,021_adaptive_python_import_run01,adaptive,python_import,1779900445.421036,/pyfiles/module_62.py,142,0,irregular,0.5000,0.0000,0,0,,,1,1,0
21,021_adaptive_python_import_run01,adaptive,python_import,1779900445.4261582,/pyfiles/module_63.py,0,142,irregular,0.5000,0.0000,142,0,,,1,1,0
21,021_adaptive_python_import_run01,adaptive,python_import,1779900445.430976,/pyfiles/module_63.py,142,0,irregular,0.5000,0.0000,0,0,,,1,1,0
21,021_adaptive_python_import_run01,adaptive,python_import,1779900445.4359958,/pyfiles/module_64.py,0,142,irregular,0.5000,0.0000,142,0,,,1,1,0
21,021_adaptive_python_import_run01,adaptive,python_import,1779900445.440074,/pyfiles/module_64.py,142,0,irregular,0.5000,0.0000,0,0,,,1,1,0
21,021_adaptive_python_import_run01,adaptive,python_import,1779900445.447118,/pyfiles/module_65.py,0,142,irregular,0.5000,0.0000,142,0,,,1,1,0
21,021_adaptive_python_import_run01,adaptive,python_import,1779900445.452044,/pyfiles/module_65.py,142,0,irregular,0.5000,0.0000,0,0,,,1,1,0
21,021_adaptive_python_import_run01,adaptive,python_import,1779900445.457036,/pyfiles/module_66.py,0,142,irregular,0.5000,0.0000,142,0,,,1,1,0
21,021_adaptive_python_import_run01,adaptive,python_import,1779900445.4620092,/pyfiles/module_66.py,142,0,irregular,0.5000,0.0000,0,0,,,1,1,0
21,021_adaptive_python_import_run01,adaptive,python_import,1779900445.467005,/pyfiles/module_67.py,0,142,irregular,0.5000,0.0000,142,0,,,1,1,0
21,021_adaptive_python_import_run01,adaptive,python_import,1779900445.471964,/pyfiles/module_67.py,142,0,irregular,0.5000,0.0000,0,0,,,1,1,0
21,021_adaptive_python_import_run01,adaptive,python_import,1779900445.477045,/pyfiles/module_68.py,0,142,irregular,0.5000,0.0000,142,0,,,1,1,0
21,021_adaptive_python_import_run01,adaptive,python_import,1779900445.482005,/pyfiles/module_68.py,142,0,irregular,0.5000,0.0000,0,0,,,1,1,0
21,021_adaptive_python_import_run01,adaptive,python_import,1779900445.486814,/pyfiles/module_69.py,0,142,irregular,0.5000,0.0000,142,0,,,1,1,0
21,021_adaptive_python_import_run01,adaptive,python_import,1779900445.490988,/pyfiles/module_69.py,142,0,irregular,0.5000,0.0000,0,0,,,1,1,0
21,021_adaptive_python_import_run01,adaptive,python_import,1779900445.495957,/pyfiles/module_7.py,0,137,irregular,0.5000,0.0000,142,0,,,1,1,0
21,021_adaptive_python_import_run01,adaptive,python_import,1779900445.499881,/pyfiles/module_7.py,137,0,irregular,0.5000,0.0000,0,0,,,1,1,0
21,021_adaptive_python_import_run01,adaptive,python_import,1779900445.505099,/pyfiles/module_70.py,0,142,irregular,0.5000,0.0000,137,0,,,1,1,0
21,021_adaptive_python_import_run01,adaptive,python_import,1779900445.5100229,/pyfiles/module_70.py,142,0,irregular,0.5000,0.0000,0,0,,,1,1,0
21,021_adaptive_python_import_run01,adaptive,python_import,1779900445.514977,/pyfiles/module_71.py,0,142,irregular,0.5000,0.0000,142,0,,,1,1,0
21,021_adaptive_python_import_run01,adaptive,python_import,1779900445.519053,/pyfiles/module_71.py,142,0,irregular,0.5000,0.0000,0,0,,,1,1,0
21,021_adaptive_python_import_run01,adaptive,python_import,1779900445.523009,/pyfiles/module_72.py,0,142,irregular,0.5000,0.0000,142,0,,,1,1,0
21,021_adaptive_python_import_run01,adaptive,python_import,1779900445.527974,/pyfiles/module_72.py,142,0,irregular,0.5000,0.0000,0,0,,,1,1,0
21,021_adaptive_python_import_run01,adaptive,python_import,1779900445.5328572,/pyfiles/module_73.py,0,142,irregular,0.5000,0.0000,142,0,,,1,1,0
21,021_adaptive_python_import_run01,adaptive,python_import,1779900445.537005,/pyfiles/module_73.py,142,0,irregular,0.5000,0.0000,0,0,,,1,1,0
21,021_adaptive_python_import_run01,adaptive,python_import,1779900445.542083,/pyfiles/module_74.py,0,142,irregular,0.5000,0.0000,142,0,,,1,1,0
21,021_adaptive_python_import_run01,adaptive,python_import,1779900445.5471082,/pyfiles/module_74.py,142,0,irregular,0.5000,0.0000,0,0,,,1,1,0
21,021_adaptive_python_import_run01,adaptive,python_import,1779900445.552064,/pyfiles/module_75.py,0,142,irregular,0.5000,0.0000,142,0,,,1,1,0
21,021_adaptive_python_import_run01,adaptive,python_import,1779900445.556928,/pyfiles/module_75.py,142,0,irregular,0.5000,0.0000,0,0,,,1,1,0
21,021_adaptive_python_import_run01,adaptive,python_import,1779900445.56197,/pyfiles/module_76.py,0,142,irregular,0.5000,0.0000,142,0,,,1,1,0
21,021_adaptive_python_import_run01,adaptive,python_import,1779900445.565952,/pyfiles/module_76.py,142,0,irregular,0.5000,0.0000,0,0,,,1,1,0
21,021_adaptive_python_import_run01,adaptive,python_import,1779900445.5710442,/pyfiles/module_77.py,0,142,irregular,0.5000,0.0000,142,0,,,1,1,0
21,021_adaptive_python_import_run01,adaptive,python_import,1779900445.5750358,/pyfiles/module_77.py,142,0,irregular,0.5000,0.0000,0,0,,,1,1,0
21,021_adaptive_python_import_run01,adaptive,python_import,1779900445.579969,/pyfiles/module_78.py,0,142,irregular,0.5000,0.0000,142,0,,,1,1,0
21,021_adaptive_python_import_run01,adaptive,python_import,1779900445.5839832,/pyfiles/module_78.py,142,0,irregular,0.5000,0.0000,0,0,,,1,1,0
21,021_adaptive_python_import_run01,adaptive,python_import,1779900445.58899,/pyfiles/module_79.py,0,142,irregular,0.5000,0.0000,142,0,,,1,1,0
21,021_adaptive_python_import_run01,adaptive,python_import,1779900445.593054,/pyfiles/module_79.py,142,0,irregular,0.5000,0.0000,0,0,,,1,1,0
21,021_adaptive_python_import_run01,adaptive,python_import,1779900445.598018,/pyfiles/module_8.py,0,137,irregular,0.5000,0.0000,142,0,,,1,1,0
21,021_adaptive_python_import_run01,adaptive,python_import,1779900445.602964,/pyfiles/module_8.py,137,0,irregular,0.5000,0.0000,0,0,,,1,1,0
21,021_adaptive_python_import_run01,adaptive,python_import,1779900445.607095,/pyfiles/module_80.py,0,142,irregular,0.5000,0.0000,137,0,,,1,1,0
21,021_adaptive_python_import_run01,adaptive,python_import,1779900445.612007,/pyfiles/module_80.py,142,0,irregular,0.5000,0.0000,0,0,,,1,1,0
21,021_adaptive_python_import_run01,adaptive,python_import,1779900445.6169941,/pyfiles/module_81.py,0,142,irregular,0.5000,0.0000,142,0,,,1,1,0
21,021_adaptive_python_import_run01,adaptive,python_import,1779900445.6240819,/pyfiles/module_81.py,142,0,irregular,0.5000,0.0000,0,0,,,1,1,0
21,021_adaptive_python_import_run01,adaptive,python_import,1779900445.630316,/pyfiles/module_82.py,0,142,irregular,0.5000,0.0000,142,0,,,1,1,0
21,021_adaptive_python_import_run01,adaptive,python_import,1779900445.635246,/pyfiles/module_82.py,142,0,irregular,0.5000,0.0000,0,0,,,1,1,0
21,021_adaptive_python_import_run01,adaptive,python_import,1779900445.641697,/pyfiles/module_83.py,0,142,irregular,0.5000,0.0000,142,0,,,1,1,0
21,021_adaptive_python_import_run01,adaptive,python_import,1779900445.64642,/pyfiles/module_83.py,142,0,irregular,0.5000,0.0000,0,0,,,1,1,0
21,021_adaptive_python_import_run01,adaptive,python_import,1779900445.653208,/pyfiles/module_84.py,0,142,irregular,0.5000,0.0000,142,0,,,1,1,0
21,021_adaptive_python_import_run01,adaptive,python_import,1779900445.6559901,/pyfiles/module_84.py,142,0,irregular,0.5000,0.0000,0,0,,,1,1,0
21,021_adaptive_python_import_run01,adaptive,python_import,1779900445.660368,/pyfiles/module_85.py,0,142,irregular,0.5000,0.0000,142,0,,,1,1,0
21,021_adaptive_python_import_run01,adaptive,python_import,1779900445.666666,/pyfiles/module_85.py,142,0,irregular,0.5000,0.0000,0,0,,,1,1,0
21,021_adaptive_python_import_run01,adaptive,python_import,1779900445.6729732,/pyfiles/module_86.py,0,142,irregular,0.5000,0.0000,142,0,,,1,1,0
21,021_adaptive_python_import_run01,adaptive,python_import,1779900445.677218,/pyfiles/module_86.py,142,0,irregular,0.5000,0.0000,0,0,,,1,1,0
21,021_adaptive_python_import_run01,adaptive,python_import,1779900445.682045,/pyfiles/module_87.py,0,142,irregular,0.5000,0.0000,142,0,,,1,1,0
21,021_adaptive_python_import_run01,adaptive,python_import,1779900445.687097,/pyfiles/module_87.py,142,0,irregular,0.5000,0.0000,0,0,,,1,1,0
21,021_adaptive_python_import_run01,adaptive,python_import,1779900445.6922162,/pyfiles/module_88.py,0,142,irregular,0.5000,0.0000,142,0,,,1,1,0
21,021_adaptive_python_import_run01,adaptive,python_import,1779900445.701986,/pyfiles/module_88.py,142,0,irregular,0.5000,0.0000,0,0,,,1,1,0
21,021_adaptive_python_import_run01,adaptive,python_import,1779900445.708937,/pyfiles/module_89.py,0,142,irregular,0.5000,0.0000,142,0,,,1,1,0
21,021_adaptive_python_import_run01,adaptive,python_import,1779900445.711923,/pyfiles/module_89.py,142,0,irregular,0.5000,0.0000,0,0,,,1,1,0
21,021_adaptive_python_import_run01,adaptive,python_import,1779900445.717292,/pyfiles/module_9.py,0,137,irregular,0.5000,0.0000,142,0,,,1,1,0
21,021_adaptive_python_import_run01,adaptive,python_import,1779900445.722396,/pyfiles/module_9.py,137,0,irregular,0.5000,0.0000,0,0,,,1,1,0
21,021_adaptive_python_import_run01,adaptive,python_import,1779900445.7316322,/pyfiles/module_90.py,0,142,irregular,0.5000,0.0000,137,0,,,1,1,0
21,021_adaptive_python_import_run01,adaptive,python_import,1779900445.737605,/pyfiles/module_90.py,142,0,irregular,0.5000,0.0000,0,0,,,1,1,0
21,021_adaptive_python_import_run01,adaptive,python_import,1779900445.744185,/pyfiles/module_91.py,0,142,irregular,0.5000,0.0000,142,0,,,1,1,0
21,021_adaptive_python_import_run01,adaptive,python_import,1779900445.749313,/pyfiles/module_91.py,142,0,irregular,0.5000,0.0000,0,0,,,1,1,0
21,021_adaptive_python_import_run01,adaptive,python_import,1779900445.755117,/pyfiles/module_92.py,0,142,irregular,0.5000,0.0000,142,0,,,1,1,0
21,021_adaptive_python_import_run01,adaptive,python_import,1779900445.7601438,/pyfiles/module_92.py,142,0,irregular,0.5000,0.0000,0,0,,,1,1,0
21,021_adaptive_python_import_run01,adaptive,python_import,1779900445.765213,/pyfiles/module_93.py,0,142,irregular,0.5000,0.0000,142,0,,,1,1,0
21,021_adaptive_python_import_run01,adaptive,python_import,1779900445.7700322,/pyfiles/module_93.py,142,0,irregular,0.5000,0.0000,0,0,,,1,1,0
21,021_adaptive_python_import_run01,adaptive,python_import,1779900445.775025,/pyfiles/module_94.py,0,142,irregular,0.5000,0.0000,142,0,,,1,1,0
21,021_adaptive_python_import_run01,adaptive,python_import,1779900445.779128,/pyfiles/module_94.py,142,0,irregular,0.5000,0.0000,0,0,,,1,1,0
21,021_adaptive_python_import_run01,adaptive,python_import,1779900445.7840798,/pyfiles/module_95.py,0,142,irregular,0.5000,0.0000,142,0,,,1,1,0
21,021_adaptive_python_import_run01,adaptive,python_import,1779900445.788928,/pyfiles/module_95.py,142,0,irregular,0.5000,0.0000,0,0,,,1,1,0
21,021_adaptive_python_import_run01,adaptive,python_import,1779900445.791463,/pyfiles/module_96.py,0,142,irregular,0.5000,0.0000,142,0,,,1,1,0
21,021_adaptive_python_import_run01,adaptive,python_import,1779900445.795955,/pyfiles/module_96.py,142,0,irregular,0.5000,0.0000,0,0,,,1,1,0
21,021_adaptive_python_import_run01,adaptive,python_import,1779900445.8013299,/pyfiles/module_97.py,0,142,irregular,0.5000,0.0000,142,0,,,1,1,0
21,021_adaptive_python_import_run01,adaptive,python_import,1779900445.805946,/pyfiles/module_97.py,142,0,irregular,0.5000,0.0000,0,0,,,1,1,0
21,021_adaptive_python_import_run01,adaptive,python_import,1779900445.810975,/pyfiles/module_98.py,0,142,irregular,0.5000,0.0000,142,0,,,1,1,0
21,021_adaptive_python_import_run01,adaptive,python_import,1779900445.8160372,/pyfiles/module_98.py,142,0,irregular,0.5000,0.0000,0,0,,,1,1,0
21,021_adaptive_python_import_run01,adaptive,python_import,1779900445.820991,/pyfiles/module_99.py,0,142,irregular,0.5000,0.0000,142,0,,,1,1,0
21,021_adaptive_python_import_run01,adaptive,python_import,1779900445.8248901,/pyfiles/module_99.py,142,0,irregular,0.5000,0.0000,0,0,,,1,1,0
